Transaction_ID,Date,Account,Category,Sub_Category,Description,Amount,Currency,Status,Merchant,Tax_Tag,Project,Balance
TXN-1001,2026-01-01,Checking,Lifestyle,Entertainment,Cinema/Streaming,-110.25,USD,Cleared,Merchant_21,ENT-01,Personal,4889.75
TXN-1002,2026-01-01,Credit,Travel,Uber,Airport Ride,-25.03,USD,Cleared,Merchant_18,BIZ-TRAV,Travel_Q1,4864.72
TXN-1003,2026-01-02,Checking,Dining,Restaurant,Client Lunch,-18.74,USD,Cleared,Merchant_6,BIZ-MEAL,Sales,4845.98
TXN-1004,2026-01-02,Credit,Dining,Restaurant,Client Lunch,-138.54,USD,Cleared,Merchant_27,BIZ-MEAL,Sales,4707.44
TXN-1005,2026-01-02,Checking,Transport,Fuel,Gas Station,-49.6,USD,Cleared,Merchant_44,TRA-01,Commute,4657.84
TXN-1006,2026-01-03,Checking,Lifestyle,Entertainment,Cinema/Streaming,-126.04,USD,Cleared,Merchant_23,ENT-01,Personal,4531.80
TXN-1007,2026-01-03,Checking,Dining,Restaurant,Client Lunch,-37.01,USD,Cleared,Merchant_24,BIZ-MEAL,Sales,4494.79
TXN-1008,2026-01-03,Checking,Business,Software,SaaS Subscription,-41.99,USD,Cleared,Merchant_21,BIZ-EXP,Project_Alpha,4452.80
TXN-1009,2026-01-04,Credit,Dining,Restaurant,Client Lunch,-43.57,USD,Cleared,Merchant_9,BIZ-MEAL,Sales,4409.23
TXN-1010,2026-01-04,Checking,Healthcare,Pharmacy,Medical Supplies,-86.14,USD,Cleared,Merchant_42,MED-01,Wellness,4323.09
TXN-1011,2026-01-04,Credit,Dining,Restaurant,Client Lunch,-116.44,USD,Cleared,Merchant_49,BIZ-MEAL,Sales,4206.65
TXN-1012,2026-01-05,Credit,Dining,Restaurant,Client Lunch,-115.69,USD,Cleared,Merchant_34,BIZ-MEAL,Sales,4090.96
TXN-1013,2026-01-05,Checking,Healthcare,Pharmacy,Medical Supplies,-142.67,USD,Cleared,Merchant_2,MED-01,Wellness,3948.29
TXN-1014,2026-01-05,Credit,Lifestyle,Entertainment,Cinema/Streaming,-73.7,USD,Cleared,Merchant_42,ENT-01,Personal,3874.59
TXN-1015,2026-01-06,Checking,Dining,Restaurant,Client Lunch,-64.76,USD,Cleared,Merchant_42,BIZ-MEAL,Sales,3809.83
TXN-1016,2026-01-06,Credit,Food,Groceries,Weekly Shop,-99.75,USD,Cleared,Merchant_22,FOOD-01,Living,3710.08
TXN-1017,2026-01-06,Checking,Dining,Restaurant,Client Lunch,-136.27,USD,Cleared,Merchant_37,BIZ-MEAL,Sales,3573.81
TXN-1018,2026-01-07,Checking,Healthcare,Pharmacy,Medical Supplies,-19.18,USD,Cleared,Merchant_33,MED-01,Wellness,3554.63
TXN-1019,2026-01-07,Checking,Business,Software,SaaS Subscription,-29.12,USD,Cleared,Merchant_28,BIZ-EXP,Project_Alpha,3525.51
TXN-1020,2026-01-07,Checking,Business,Software,SaaS Subscription,-52.04,USD,Cleared,Merchant_40,BIZ-EXP,Project_Alpha,3473.47
TXN-1021,2026-01-08,Checking,Business,Software,SaaS Subscription,-100.28,USD,Cleared,Merchant_37,BIZ-EXP,Project_Alpha,3373.19
TXN-1022,2026-01-08,Credit,Business,Software,SaaS Subscription,-14.3,USD,Cleared,Merchant_4,BIZ-EXP,Project_Alpha,3358.89
TXN-1023,2026-01-08,Checking,Travel,Uber,Airport Ride,-22.53,USD,Cleared,Merchant_43,BIZ-TRAV,Travel_Q1,3336.36
TXN-1024,2026-01-09,Credit,Lifestyle,Entertainment,Cinema/Streaming,-111.43,USD,Cleared,Merchant_26,ENT-01,Personal,3224.93
TXN-1025,2026-01-09,Credit,Dining,Restaurant,Client Lunch,-10.41,USD,Cleared,Merchant_3,BIZ-MEAL,Sales,3214.52
TXN-1026,2026-01-09,Checking,Dining,Restaurant,Client Lunch,-115.43,USD,Cleared,Merchant_26,BIZ-MEAL,Sales,3099.09
TXN-1027,2026-01-10,Credit,Transport,Fuel,Gas Station,-75.03,USD,Cleared,Merchant_41,TRA-01,Commute,3024.06
TXN-1028,2026-01-10,Checking,Food,Groceries,Weekly Shop,-16.1,USD,Cleared,Merchant_1,FOOD-01,Living,3007.96
TXN-1029,2026-01-10,Checking,Travel,Uber,Airport Ride,-74.22,USD,Cleared,Merchant_0,BIZ-TRAV,Travel_Q1,2933.74
TXN-1030,2026-01-11,Checking,Income,Salary,Monthly Payroll,5500,USD,Cleared,Merchant_41,INC-01,Core,8433.74
TXN-1031,2026-01-11,Checking,Lifestyle,Entertainment,Cinema/Streaming,-72.34,USD,Cleared,Merchant_3,ENT-01,Personal,8361.40
TXN-1032,2026-01-11,Checking,Business,Software,SaaS Subscription,-79.27,USD,Cleared,Merchant_30,BIZ-EXP,Project_Alpha,8282.13
TXN-1033,2026-01-12,Checking,Travel,Uber,Airport Ride,-61.36,USD,Cleared,Merchant_0,BIZ-TRAV,Travel_Q1,8220.77
TXN-1034,2026-01-12,Checking,Healthcare,Pharmacy,Medical Supplies,-62.17,USD,Cleared,Merchant_31,MED-01,Wellness,8158.60
TXN-1035,2026-01-12,Checking,Healthcare,Pharmacy,Medical Supplies,-61.15,USD,Cleared,Merchant_16,MED-01,Wellness,8097.45
TXN-1036,2026-01-13,Credit,Transport,Fuel,Gas Station,-115.35,USD,Cleared,Merchant_46,TRA-01,Commute,7982.10
TXN-1037,2026-01-13,Checking,Food,Groceries,Weekly Shop,-115.19,USD,Cleared,Merchant_14,FOOD-01,Living,7866.91
TXN-1038,2026-01-13,Credit,Lifestyle,Entertainment,Cinema/Streaming,-18.93,USD,Cleared,Merchant_0,ENT-01,Personal,7847.98
TXN-1039,2026-01-14,Credit,Healthcare,Pharmacy,Medical Supplies,-58.07,USD,Cleared,Merchant_36,MED-01,Wellness,7789.91
TXN-1040,2026-01-14,Credit,Healthcare,Pharmacy,Medical Supplies,-105.35,USD,Cleared,Merchant_25,MED-01,Wellness,7684.56
TXN-1041,2026-01-14,Credit,Lifestyle,Entertainment,Cinema/Streaming,-105.29,USD,Cleared,Merchant_33,ENT-01,Personal,7579.27
TXN-1042,2026-01-15,Checking,Food,Groceries,Weekly Shop,-129.53,USD,Cleared,Merchant_21,FOOD-01,Living,7449.74
TXN-1043,2026-01-15,Credit,Travel,Uber,Airport Ride,-147.41,USD,Cleared,Merchant_29,BIZ-TRAV,Travel_Q1,7302.33
TXN-1044,2026-01-15,Checking,Business,Software,SaaS Subscription,-71.19,USD,Cleared,Merchant_30,BIZ-EXP,Project_Alpha,7231.14
TXN-1045,2026-01-16,Credit,Travel,Uber,Airport Ride,-38.38,USD,Cleared,Merchant_15,BIZ-TRAV,Travel_Q1,7192.76
TXN-1046,2026-01-16,Credit,Transport,Fuel,Gas Station,-71.97,USD,Cleared,Merchant_36,TRA-01,Commute,7120.79
TXN-1047,2026-01-16,Checking,Travel,Uber,Airport Ride,-81.93,USD,Cleared,Merchant_46,BIZ-TRAV,Travel_Q1,7038.86
TXN-1048,2026-01-17,Credit,Travel,Uber,Airport Ride,-134.96,USD,Cleared,Merchant_10,BIZ-TRAV,Travel_Q1,6903.90
TXN-1049,2026-01-17,Credit,Lifestyle,Entertainment,Cinema/Streaming,-50.65,USD,Cleared,Merchant_45,ENT-01,Personal,6853.25
TXN-1050,2026-01-17,Checking,Business,Software,SaaS Subscription,-32.07,USD,Cleared,Merchant_25,BIZ-EXP,Project_Alpha,6821.18
TXN-1051,2026-01-18,Checking,Dining,Restaurant,Client Lunch,-37.99,USD,Cleared,Merchant_48,BIZ-MEAL,Sales,6783.19
TXN-1052,2026-01-18,Checking,Business,Software,SaaS Subscription,-30.6,USD,Cleared,Merchant_8,BIZ-EXP,Project_Alpha,6752.59
TXN-1053,2026-01-18,Checking,Dining,Restaurant,Client Lunch,-145.02,USD,Cleared,Merchant_41,BIZ-MEAL,Sales,6607.57
TXN-1054,2026-01-19,Credit,Transport,Fuel,Gas Station,-148.52,USD,Cleared,Merchant_3,TRA-01,Commute,6459.05
TXN-1055,2026-01-19,Checking,Transport,Fuel,Gas Station,-61.27,USD,Cleared,Merchant_19,TRA-01,Commute,6397.78
TXN-1056,2026-01-19,Checking,Food,Groceries,Weekly Shop,-83.78,USD,Cleared,Merchant_34,FOOD-01,Living,6314.00
TXN-1057,2026-01-20,Credit,Food,Groceries,Weekly Shop,-64.26,USD,Cleared,Merchant_16,FOOD-01,Living,6249.74
TXN-1058,2026-01-20,Credit,Business,Software,SaaS Subscription,-23.65,USD,Cleared,Merchant_19,BIZ-EXP,Project_Alpha,6226.09
TXN-1059,2026-01-20,Credit,Lifestyle,Entertainment,Cinema/Streaming,-94.01,USD,Cleared,Merchant_37,ENT-01,Personal,6132.08
TXN-1060,2026-01-21,Checking,Income,Salary,Monthly Payroll,5500,USD,Cleared,Merchant_0,INC-01,Core,11632.08
TXN-1061,2026-01-21,Checking,Food,Groceries,Weekly Shop,-65.58,USD,Cleared,Merchant_0,FOOD-01,Living,11566.50
TXN-1062,2026-01-21,Checking,Healthcare,Pharmacy,Medical Supplies,-121.95,USD,Cleared,Merchant_47,MED-01,Wellness,11444.55
TXN-1063,2026-01-22,Credit,Healthcare,Pharmacy,Medical Supplies,-71.78,USD,Cleared,Merchant_18,MED-01,Wellness,11372.77
TXN-1064,2026-01-22,Checking,Travel,Uber,Airport Ride,-96.46,USD,Cleared,Merchant_4,BIZ-TRAV,Travel_Q1,11276.31
TXN-1065,2026-01-22,Checking,Healthcare,Pharmacy,Medical Supplies,-121.72,USD,Cleared,Merchant_16,MED-01,Wellness,11154.59
TXN-1066,2026-01-23,Checking,Healthcare,Pharmacy,Medical Supplies,-111.62,USD,Cleared,Merchant_32,MED-01,Wellness,11042.97
TXN-1067,2026-01-23,Checking,Food,Groceries,Weekly Shop,-30.26,USD,Cleared,Merchant_41,FOOD-01,Living,11012.71
TXN-1068,2026-01-23,Checking,Travel,Uber,Airport Ride,-20.21,USD,Cleared,Merchant_24,BIZ-TRAV,Travel_Q1,10992.50
TXN-1069,2026-01-24,Credit,Lifestyle,Entertainment,Cinema/Streaming,-92.49,USD,Cleared,Merchant_19,ENT-01,Personal,10900.01
TXN-1070,2026-01-24,Checking,Dining,Restaurant,Client Lunch,-81.99,USD,Cleared,Merchant_31,BIZ-MEAL,Sales,10818.02
TXN-1071,2026-01-24,Credit,Food,Groceries,Weekly Shop,-56.12,USD,Cleared,Merchant_33,FOOD-01,Living,10761.90
TXN-1072,2026-01-25,Checking,Lifestyle,Entertainment,Cinema/Streaming,-33.01,USD,Cleared,Merchant_25,ENT-01,Personal,10728.89
TXN-1073,2026-01-25,Credit,Transport,Fuel,Gas Station,-19.25,USD,Cleared,Merchant_48,TRA-01,Commute,10709.64
TXN-1074,2026-01-25,Checking,Dining,Restaurant,Client Lunch,-121.92,USD,Cleared,Merchant_38,BIZ-MEAL,Sales,10587.72
TXN-1075,2026-01-26,Checking,Business,Software,SaaS Subscription,-77.86,USD,Cleared,Merchant_22,BIZ-EXP,Project_Alpha,10509.86
TXN-1076,2026-01-26,Credit,Dining,Restaurant,Client Lunch,-129.45,USD,Cleared,Merchant_25,BIZ-MEAL,Sales,10380.41
TXN-1077,2026-01-26,Credit,Healthcare,Pharmacy,Medical Supplies,-128.74,USD,Cleared,Merchant_3,MED-01,Wellness,10251.67
TXN-1078,2026-01-27,Credit,Food,Groceries,Weekly Shop,-146.83,USD,Cleared,Merchant_16,FOOD-01,Living,10104.84
TXN-1079,2026-01-27,Credit,Transport,Fuel,Gas Station,-26.89,USD,Cleared,Merchant_29,TRA-01,Commute,10077.95
TXN-1080,2026-01-27,Credit,Food,Groceries,Weekly Shop,-64.59,USD,Cleared,Merchant_37,FOOD-01,Living,10013.36
TXN-1081,2026-01-28,Credit,Travel,Uber,Airport Ride,-91.64,USD,Cleared,Merchant_36,BIZ-TRAV,Travel_Q1,9921.72
TXN-1082,2026-01-28,Credit,Travel,Uber,Airport Ride,-118.54,USD,Cleared,Merchant_0,BIZ-TRAV,Travel_Q1,9803.18
TXN-1083,2026-01-28,Checking,Transport,Fuel,Gas Station,-56.46,USD,Cleared,Merchant_40,TRA-01,Commute,9746.72
TXN-1084,2026-01-29,Checking,Dining,Restaurant,Client Lunch,-40.68,USD,Cleared,Merchant_7,BIZ-MEAL,Sales,9706.04
TXN-1085,2026-01-29,Credit,Transport,Fuel,Gas Station,-45.3,USD,Cleared,Merchant_4,TRA-01,Commute,9660.74
TXN-1086,2026-01-29,Credit,Food,Groceries,Weekly Shop,-123.23,USD,Cleared,Merchant_3,FOOD-01,Living,9537.51
TXN-1087,2026-01-30,Checking,Healthcare,Pharmacy,Medical Supplies,-134.71,USD,Cleared,Merchant_10,MED-01,Wellness,9402.80
TXN-1088,2026-01-30,Checking,Business,Software,SaaS Subscription,-39.11,USD,Cleared,Merchant_22,BIZ-EXP,Project_Alpha,9363.69
TXN-1089,2026-01-30,Credit,Travel,Uber,Airport Ride,-78.11,USD,Cleared,Merchant_30,BIZ-TRAV,Travel_Q1,9285.58
TXN-1090,2026-01-31,Checking,Income,Salary,Monthly Payroll,5500,USD,Cleared,Merchant_48,INC-01,Core,14785.58
TXN-1091,2026-01-31,Credit,Lifestyle,Entertainment,Cinema/Streaming,-48.67,USD,Cleared,Merchant_5,ENT-01,Personal,14736.91
TXN-1092,2026-01-31,Checking,Healthcare,Pharmacy,Medical Supplies,-70.99,USD,Cleared,Merchant_10,MED-01,Wellness,14665.92
TXN-1093,2026-02-01,Checking,Healthcare,Pharmacy,Medical Supplies,-50.95,USD,Cleared,Merchant_38,MED-01,Wellness,14614.97
TXN-1094,2026-02-01,Credit,Business,Software,SaaS Subscription,-83.82,USD,Cleared,Merchant_38,BIZ-EXP,Project_Alpha,14531.15
TXN-1095,2026-02-01,Credit,Healthcare,Pharmacy,Medical Supplies,-80.16,USD,Cleared,Merchant_31,MED-01,Wellness,14450.99
TXN-1096,2026-02-02,Credit,Travel,Uber,Airport Ride,-40.24,USD,Cleared,Merchant_47,BIZ-TRAV,Travel_Q1,14410.75
TXN-1097,2026-02-02,Credit,Healthcare,Pharmacy,Medical Supplies,-10.53,USD,Cleared,Merchant_13,MED-01,Wellness,14400.22
TXN-1098,2026-02-02,Credit,Lifestyle,Entertainment,Cinema/Streaming,-20.59,USD,Cleared,Merchant_37,ENT-01,Personal,14379.63
TXN-1099,2026-02-03,Checking,Lifestyle,Entertainment,Cinema/Streaming,-42.43,USD,Cleared,Merchant_4,ENT-01,Personal,14337.20
TXN-1100,2026-02-03,Credit,Lifestyle,Entertainment,Cinema/Streaming,-78.2,USD,Cleared,Merchant_39,ENT-01,Personal,14259.00
TXN-1101,2026-02-03,Checking,Transport,Fuel,Gas Station,-61.39,USD,Cleared,Merchant_15,TRA-01,Commute,14197.61
TXN-1102,2026-02-04,Credit,Lifestyle,Entertainment,Cinema/Streaming,-33.49,USD,Cleared,Merchant_35,ENT-01,Personal,14164.12
TXN-1103,2026-02-04,Checking,Healthcare,Pharmacy,Medical Supplies,-123.93,USD,Cleared,Merchant_0,MED-01,Wellness,14040.19
TXN-1104,2026-02-04,Checking,Food,Groceries,Weekly Shop,-96.47,USD,Cleared,Merchant_41,FOOD-01,Living,13943.72
TXN-1105,2026-02-05,Checking,Business,Software,SaaS Subscription,-82.45,USD,Cleared,Merchant_24,BIZ-EXP,Project_Alpha,13861.27
TXN-1106,2026-02-05,Credit,Dining,Restaurant,Client Lunch,-115.29,USD,Cleared,Merchant_34,BIZ-MEAL,Sales,13745.98
TXN-1107,2026-02-05,Checking,Healthcare,Pharmacy,Medical Supplies,-121.72,USD,Cleared,Merchant_46,MED-01,Wellness,13624.26
TXN-1108,2026-02-06,Checking,Lifestyle,Entertainment,Cinema/Streaming,-85.98,USD,Cleared,Merchant_9,ENT-01,Personal,13538.28
TXN-1109,2026-02-06,Credit,Dining,Restaurant,Client Lunch,-96.93,USD,Cleared,Merchant_32,BIZ-MEAL,Sales,13441.35
TXN-1110,2026-02-06,Credit,Travel,Uber,Airport Ride,-44.25,USD,Cleared,Merchant_11,BIZ-TRAV,Travel_Q1,13397.10
TXN-1111,2026-02-07,Credit,Travel,Uber,Airport Ride,-25.24,USD,Cleared,Merchant_37,BIZ-TRAV,Travel_Q1,13371.86
TXN-1112,2026-02-07,Credit,Transport,Fuel,Gas Station,-129.36,USD,Cleared,Merchant_33,TRA-01,Commute,13242.50
TXN-1113,2026-02-07,Checking,Travel,Uber,Airport Ride,-61.01,USD,Cleared,Merchant_43,BIZ-TRAV,Travel_Q1,13181.49
TXN-1114,2026-02-08,Credit,Dining,Restaurant,Client Lunch,-128.84,USD,Cleared,Merchant_41,BIZ-MEAL,Sales,13052.65
TXN-1115,2026-02-08,Checking,Travel,Uber,Airport Ride,-14.61,USD,Cleared,Merchant_3,BIZ-TRAV,Travel_Q1,13038.04
TXN-1116,2026-02-08,Credit,Healthcare,Pharmacy,Medical Supplies,-142.44,USD,Cleared,Merchant_36,MED-01,Wellness,12895.60
TXN-1117,2026-02-09,Credit,Healthcare,Pharmacy,Medical Supplies,-99.73,USD,Cleared,Merchant_36,MED-01,Wellness,12795.87
TXN-1118,2026-02-09,Checking,Business,Software,SaaS Subscription,-52.56,USD,Cleared,Merchant_17,BIZ-EXP,Project_Alpha,12743.31
TXN-1119,2026-02-09,Credit,Transport,Fuel,Gas Station,-129.89,USD,Cleared,Merchant_12,TRA-01,Commute,12613.42
TXN-1120,2026-02-10,Checking,Income,Salary,Monthly Payroll,5500,USD,Cleared,Merchant_3,INC-01,Core,18113.42
TXN-1121,2026-02-10,Credit,Business,Software,SaaS Subscription,-73.9,USD,Cleared,Merchant_10,BIZ-EXP,Project_Alpha,18039.52
TXN-1122,2026-02-10,Checking,Dining,Restaurant,Client Lunch,-125.84,USD,Cleared,Merchant_36,BIZ-MEAL,Sales,17913.68
TXN-1123,2026-02-11,Credit,Lifestyle,Entertainment,Cinema/Streaming,-148.85,USD,Cleared,Merchant_25,ENT-01,Personal,17764.83
TXN-1124,2026-02-11,Credit,Lifestyle,Entertainment,Cinema/Streaming,-45.99,USD,Cleared,Merchant_3,ENT-01,Personal,17718.84
TXN-1125,2026-02-11,Credit,Food,Groceries,Weekly Shop,-138.94,USD,Cleared,Merchant_25,FOOD-01,Living,17579.90
TXN-1126,2026-02-12,Checking,Dining,Restaurant,Client Lunch,-29.59,USD,Cleared,Merchant_40,BIZ-MEAL,Sales,17550.31
TXN-1127,2026-02-12,Checking,Dining,Restaurant,Client Lunch,-12.16,USD,Cleared,Merchant_19,BIZ-MEAL,Sales,17538.15
TXN-1128,2026-02-12,Credit,Food,Groceries,Weekly Shop,-107.92,USD,Cleared,Merchant_47,FOOD-01,Living,17430.23
TXN-1129,2026-02-13,Checking,Transport,Fuel,Gas Station,-78.67,USD,Cleared,Merchant_15,TRA-01,Commute,17351.56
TXN-1130,2026-02-13,Credit,Lifestyle,Entertainment,Cinema/Streaming,-72.46,USD,Cleared,Merchant_27,ENT-01,Personal,17279.10
TXN-1131,2026-02-13,Checking,Food,Groceries,Weekly Shop,-72.67,USD,Cleared,Merchant_46,FOOD-01,Living,17206.43
TXN-1132,2026-02-14,Credit,Travel,Uber,Airport Ride,-120.87,USD,Cleared,Merchant_39,BIZ-TRAV,Travel_Q1,17085.56
TXN-1133,2026-02-14,Checking,Dining,Restaurant,Client Lunch,-124.99,USD,Cleared,Merchant_10,BIZ-MEAL,Sales,16960.57
TXN-1134,2026-02-14,Checking,Business,Software,SaaS Subscription,-21.34,USD,Cleared,Merchant_40,BIZ-EXP,Project_Alpha,16939.23
TXN-1135,2026-02-15,Credit,Healthcare,Pharmacy,Medical Supplies,-129.83,USD,Cleared,Merchant_41,MED-01,Wellness,16809.40
TXN-1136,2026-02-15,Credit,Food,Groceries,Weekly Shop,-78.26,USD,Cleared,Merchant_21,FOOD-01,Living,16731.14
TXN-1137,2026-02-15,Checking,Transport,Fuel,Gas Station,-47.61,USD,Cleared,Merchant_21,TRA-01,Commute,16683.53
TXN-1138,2026-02-16,Checking,Lifestyle,Entertainment,Cinema/Streaming,-123.5,USD,Cleared,Merchant_35,ENT-01,Personal,16560.03
TXN-1139,2026-02-16,Credit,Business,Software,SaaS Subscription,-21.6,USD,Cleared,Merchant_19,BIZ-EXP,Project_Alpha,16538.43
TXN-1140,2026-02-16,Credit,Transport,Fuel,Gas Station,-133.1,USD,Cleared,Merchant_41,TRA-01,Commute,16405.33
TXN-1141,2026-02-17,Checking,Travel,Uber,Airport Ride,-88.64,USD,Cleared,Merchant_47,BIZ-TRAV,Travel_Q1,16316.69
TXN-1142,2026-02-17,Checking,Travel,Uber,Airport Ride,-109.71,USD,Cleared,Merchant_45,BIZ-TRAV,Travel_Q1,16206.98
TXN-1143,2026-02-17,Checking,Healthcare,Pharmacy,Medical Supplies,-112.41,USD,Cleared,Merchant_32,MED-01,Wellness,16094.57
TXN-1144,2026-02-18,Checking,Business,Software,SaaS Subscription,-11.75,USD,Cleared,Merchant_21,BIZ-EXP,Project_Alpha,16082.82
TXN-1145,2026-02-18,Credit,Transport,Fuel,Gas Station,-47.17,USD,Cleared,Merchant_6,TRA-01,Commute,16035.65
TXN-1146,2026-02-18,Credit,Lifestyle,Entertainment,Cinema/Streaming,-34.61,USD,Cleared,Merchant_15,ENT-01,Personal,16001.04
TXN-1147,2026-02-19,Credit,Travel,Uber,Airport Ride,-133.38,USD,Cleared,Merchant_30,BIZ-TRAV,Travel_Q1,15867.66
TXN-1148,2026-02-19,Checking,Business,Software,SaaS Subscription,-103.24,USD,Cleared,Merchant_32,BIZ-EXP,Project_Alpha,15764.42
TXN-1149,2026-02-19,Credit,Healthcare,Pharmacy,Medical Supplies,-63.39,USD,Cleared,Merchant_42,MED-01,Wellness,15701.03
TXN-1150,2026-02-20,Checking,Income,Salary,Monthly Payroll,5500,USD,Cleared,Merchant_17,INC-01,Core,21201.03
TXN-1151,2026-02-20,Credit,Healthcare,Pharmacy,Medical Supplies,-103.41,USD,Cleared,Merchant_8,MED-01,Wellness,21097.62
TXN-1152,2026-02-20,Credit,Dining,Restaurant,Client Lunch,-36.06,USD,Cleared,Merchant_37,BIZ-MEAL,Sales,21061.56
TXN-1153,2026-02-21,Checking,Business,Software,SaaS Subscription,-135.43,USD,Cleared,Merchant_19,BIZ-EXP,Project_Alpha,20926.13
TXN-1154,2026-02-21,Credit,Lifestyle,Entertainment,Cinema/Streaming,-90.59,USD,Cleared,Merchant_24,ENT-01,Personal,20835.54
TXN-1155,2026-02-21,Credit,Dining,Restaurant,Client Lunch,-10.62,USD,Cleared,Merchant_33,BIZ-MEAL,Sales,20824.92
TXN-1156,2026-02-22,Credit,Healthcare,Pharmacy,Medical Supplies,-116.11,USD,Cleared,Merchant_22,MED-01,Wellness,20708.81
TXN-1157,2026-02-22,Credit,Business,Software,SaaS Subscription,-69.1,USD,Cleared,Merchant_40,BIZ-EXP,Project_Alpha,20639.71
TXN-1158,2026-02-22,Checking,Business,Software,SaaS Subscription,-146.76,USD,Cleared,Merchant_4,BIZ-EXP,Project_Alpha,20492.95
TXN-1159,2026-02-23,Credit,Food,Groceries,Weekly Shop,-128.39,USD,Cleared,Merchant_30,FOOD-01,Living,20364.56
TXN-1160,2026-02-23,Checking,Food,Groceries,Weekly Shop,-145.13,USD,Cleared,Merchant_23,FOOD-01,Living,20219.43
TXN-1161,2026-02-23,Credit,Lifestyle,Entertainment,Cinema/Streaming,-147.68,USD,Cleared,Merchant_24,ENT-01,Personal,20071.75
TXN-1162,2026-02-24,Credit,Dining,Restaurant,Client Lunch,-137.95,USD,Cleared,Merchant_4,BIZ-MEAL,Sales,19933.80
TXN-1163,2026-02-24,Checking,Healthcare,Pharmacy,Medical Supplies,-10.12,USD,Cleared,Merchant_12,MED-01,Wellness,19923.68
TXN-1164,2026-02-24,Credit,Food,Groceries,Weekly Shop,-63.7,USD,Cleared,Merchant_19,FOOD-01,Living,19859.98
TXN-1165,2026-02-25,Checking,Dining,Restaurant,Client Lunch,-143.36,USD,Cleared,Merchant_17,BIZ-MEAL,Sales,19716.62
TXN-1166,2026-02-25,Credit,Travel,Uber,Airport Ride,-105.33,USD,Cleared,Merchant_16,BIZ-TRAV,Travel_Q1,19611.29
TXN-1167,2026-02-25,Credit,Transport,Fuel,Gas Station,-119.4,USD,Cleared,Merchant_37,TRA-01,Commute,19491.89
TXN-1168,2026-02-26,Checking,Dining,Restaurant,Client Lunch,-112.39,USD,Cleared,Merchant_44,BIZ-MEAL,Sales,19379.50
TXN-1169,2026-02-26,Checking,Lifestyle,Entertainment,Cinema/Streaming,-136.49,USD,Cleared,Merchant_34,ENT-01,Personal,19243.01
TXN-1170,2026-02-26,Credit,Dining,Restaurant,Client Lunch,-64.14,USD,Cleared,Merchant_35,BIZ-MEAL,Sales,19178.87
TXN-1171,2026-02-27,Checking,Dining,Restaurant,Client Lunch,-27.45,USD,Cleared,Merchant_26,BIZ-MEAL,Sales,19151.42
TXN-1172,2026-02-27,Credit,Business,Software,SaaS Subscription,-74.37,USD,Cleared,Merchant_28,BIZ-EXP,Project_Alpha,19077.05
TXN-1173,2026-02-27,Checking,Healthcare,Pharmacy,Medical Supplies,-57.01,USD,Cleared,Merchant_48,MED-01,Wellness,19020.04
TXN-1174,2026-02-28,Checking,Travel,Uber,Airport Ride,-93.2,USD,Cleared,Merchant_16,BIZ-TRAV,Travel_Q1,18926.84
TXN-1175,2026-02-28,Checking,Business,Software,SaaS Subscription,-127.43,USD,Cleared,Merchant_47,BIZ-EXP,Project_Alpha,18799.41
TXN-1176,2026-02-28,Checking,Healthcare,Pharmacy,Medical Supplies,-22.6,USD,Cleared,Merchant_9,MED-01,Wellness,18776.81
TXN-1177,2026-03-01,Credit,Transport,Fuel,Gas Station,-145.57,USD,Cleared,Merchant_36,TRA-01,Commute,18631.24
TXN-1178,2026-03-01,Credit,Business,Software,SaaS Subscription,-33.98,USD,Cleared,Merchant_30,BIZ-EXP,Project_Alpha,18597.26
TXN-1179,2026-03-01,Credit,Travel,Uber,Airport Ride,-104.91,USD,Cleared,Merchant_21,BIZ-TRAV,Travel_Q1,18492.35
TXN-1180,2026-03-02,Checking,Income,Salary,Monthly Payroll,5500,USD,Cleared,Merchant_16,INC-01,Core,23992.35
TXN-1181,2026-03-02,Checking,Lifestyle,Entertainment,Cinema/Streaming,-69.34,USD,Cleared,Merchant_3,ENT-01,Personal,23923.01
TXN-1182,2026-03-02,Credit,Business,Software,SaaS Subscription,-91.17,USD,Cleared,Merchant_29,BIZ-EXP,Project_Alpha,23831.84
TXN-1183,2026-03-03,Credit,Food,Groceries,Weekly Shop,-84.48,USD,Cleared,Merchant_43,FOOD-01,Living,23747.36
TXN-1184,2026-03-03,Checking,Lifestyle,Entertainment,Cinema/Streaming,-28.94,USD,Cleared,Merchant_41,ENT-01,Personal,23718.42
TXN-1185,2026-03-03,Checking,Business,Software,SaaS Subscription,-14.95,USD,Cleared,Merchant_8,BIZ-EXP,Project_Alpha,23703.47
TXN-1186,2026-03-04,Checking,Transport,Fuel,Gas Station,-35.22,USD,Cleared,Merchant_17,TRA-01,Commute,23668.25
TXN-1187,2026-03-04,Credit,Dining,Restaurant,Client Lunch,-139.15,USD,Cleared,Merchant_6,BIZ-MEAL,Sales,23529.10
TXN-1188,2026-03-04,Credit,Business,Software,SaaS Subscription,-105.36,USD,Cleared,Merchant_36,BIZ-EXP,Project_Alpha,23423.74
TXN-1189,2026-03-05,Checking,Healthcare,Pharmacy,Medical Supplies,-56.58,USD,Cleared,Merchant_39,MED-01,Wellness,23367.16
TXN-1190,2026-03-05,Checking,Business,Software,SaaS Subscription,-148.92,USD,Cleared,Merchant_8,BIZ-EXP,Project_Alpha,23218.24
TXN-1191,2026-03-05,Credit,Healthcare,Pharmacy,Medical Supplies,-115.35,USD,Cleared,Merchant_39,MED-01,Wellness,23102.89
TXN-1192,2026-03-06,Checking,Healthcare,Pharmacy,Medical Supplies,-27.51,USD,Cleared,Merchant_47,MED-01,Wellness,23075.38
TXN-1193,2026-03-06,Credit,Travel,Uber,Airport Ride,-122.36,USD,Cleared,Merchant_25,BIZ-TRAV,Travel_Q1,22953.02
TXN-1194,2026-03-06,Credit,Lifestyle,Entertainment,Cinema/Streaming,-15.47,USD,Cleared,Merchant_31,ENT-01,Personal,22937.55
TXN-1195,2026-03-07,Credit,Travel,Uber,Airport Ride,-58.37,USD,Cleared,Merchant_17,BIZ-TRAV,Travel_Q1,22879.18
TXN-1196,2026-03-07,Checking,Transport,Fuel,Gas Station,-72.64,USD,Cleared,Merchant_11,TRA-01,Commute,22806.54
TXN-1197,2026-03-07,Credit,Dining,Restaurant,Client Lunch,-19.63,USD,Cleared,Merchant_28,BIZ-MEAL,Sales,22786.91
TXN-1198,2026-03-08,Credit,Travel,Uber,Airport Ride,-125.73,USD,Cleared,Merchant_49,BIZ-TRAV,Travel_Q1,22661.18
TXN-1199,2026-03-08,Credit,Business,Software,SaaS Subscription,-134.34,USD,Cleared,Merchant_10,BIZ-EXP,Project_Alpha,22526.84
TXN-1200,2026-03-08,Checking,Healthcare,Pharmacy,Medical Supplies,-95.81,USD,Cleared,Merchant_33,MED-01,Wellness,22431.03
TXN-1201,2026-03-09,Checking,Transport,Fuel,Gas Station,-27.97,USD,Cleared,Merchant_20,TRA-01,Commute,22403.06
TXN-1202,2026-03-09,Credit,Dining,Restaurant,Client Lunch,-84.54,USD,Cleared,Merchant_45,BIZ-MEAL,Sales,22318.52
TXN-1203,2026-03-09,Credit,Business,Software,SaaS Subscription,-44.73,USD,Cleared,Merchant_47,BIZ-EXP,Project_Alpha,22273.79
TXN-1204,2026-03-10,Credit,Food,Groceries,Weekly Shop,-113.54,USD,Cleared,Merchant_17,FOOD-01,Living,22160.25
TXN-1205,2026-03-10,Credit,Business,Software,SaaS Subscription,-114.38,USD,Cleared,Merchant_38,BIZ-EXP,Project_Alpha,22045.87
TXN-1206,2026-03-10,Credit,Lifestyle,Entertainment,Cinema/Streaming,-147.64,USD,Cleared,Merchant_48,ENT-01,Personal,21898.23
TXN-1207,2026-03-11,Credit,Business,Software,SaaS Subscription,-126.12,USD,Cleared,Merchant_3,BIZ-EXP,Project_Alpha,21772.11
TXN-1208,2026-03-11,Credit,Lifestyle,Entertainment,Cinema/Streaming,-48.52,USD,Cleared,Merchant_13,ENT-01,Personal,21723.59
TXN-1209,2026-03-11,Credit,Travel,Uber,Airport Ride,-148.46,USD,Cleared,Merchant_49,BIZ-TRAV,Travel_Q1,21575.13
TXN-1210,2026-03-12,Checking,Income,Salary,Monthly Payroll,5500,USD,Cleared,Merchant_46,INC-01,Core,27075.13
TXN-1211,2026-03-12,Checking,Food,Groceries,Weekly Shop,-141.41,USD,Cleared,Merchant_46,FOOD-01,Living,26933.72
TXN-1212,2026-03-12,Checking,Healthcare,Pharmacy,Medical Supplies,-110.47,USD,Cleared,Merchant_9,MED-01,Wellness,26823.25
TXN-1213,2026-03-13,Checking,Food,Groceries,Weekly Shop,-133.03,USD,Cleared,Merchant_12,FOOD-01,Living,26690.22
TXN-1214,2026-03-13,Checking,Dining,Restaurant,Client Lunch,-127.16,USD,Cleared,Merchant_28,BIZ-MEAL,Sales,26563.06
TXN-1215,2026-03-13,Checking,Healthcare,Pharmacy,Medical Supplies,-45.74,USD,Cleared,Merchant_25,MED-01,Wellness,26517.32
TXN-1216,2026-03-14,Credit,Travel,Uber,Airport Ride,-55.62,USD,Cleared,Merchant_49,BIZ-TRAV,Travel_Q1,26461.70
TXN-1217,2026-03-14,Checking,Dining,Restaurant,Client Lunch,-103.48,USD,Cleared,Merchant_9,BIZ-MEAL,Sales,26358.22
TXN-1218,2026-03-14,Checking,Transport,Fuel,Gas Station,-108.38,USD,Cleared,Merchant_29,TRA-01,Commute,26249.84
TXN-1219,2026-03-15,Checking,Food,Groceries,Weekly Shop,-84.86,USD,Cleared,Merchant_7,FOOD-01,Living,26164.98
TXN-1220,2026-03-15,Checking,Business,Software,SaaS Subscription,-18.68,USD,Cleared,Merchant_42,BIZ-EXP,Project_Alpha,26146.30
TXN-1221,2026-03-15,Checking,Travel,Uber,Airport Ride,-35.6,USD,Cleared,Merchant_22,BIZ-TRAV,Travel_Q1,26110.70
TXN-1222,2026-03-16,Credit,Lifestyle,Entertainment,Cinema/Streaming,-16.01,USD,Cleared,Merchant_23,ENT-01,Personal,26094.69
TXN-1223,2026-03-16,Credit,Travel,Uber,Airport Ride,-129.91,USD,Cleared,Merchant_30,BIZ-TRAV,Travel_Q1,25964.78
TXN-1224,2026-03-16,Checking,Food,Groceries,Weekly Shop,-131.95,USD,Cleared,Merchant_20,FOOD-01,Living,25832.83
TXN-1225,2026-03-17,Credit,Food,Groceries,Weekly Shop,-38.85,USD,Cleared,Merchant_2,FOOD-01,Living,25793.98
TXN-1226,2026-03-17,Checking,Healthcare,Pharmacy,Medical Supplies,-71.4,USD,Cleared,Merchant_49,MED-01,Wellness,25722.58
TXN-1227,2026-03-17,Checking,Healthcare,Pharmacy,Medical Supplies,-65.1,USD,Cleared,Merchant_22,MED-01,Wellness,25657.48
TXN-1228,2026-03-18,Checking,Business,Software,SaaS Subscription,-112.02,USD,Cleared,Merchant_25,BIZ-EXP,Project_Alpha,25545.46
TXN-1229,2026-03-18,Checking,Transport,Fuel,Gas Station,-136.19,USD,Cleared,Merchant_16,TRA-01,Commute,25409.27
TXN-1230,2026-03-18,Credit,Food,Groceries,Weekly Shop,-91.31,USD,Cleared,Merchant_44,FOOD-01,Living,25317.96
TXN-1231,2026-03-19,Credit,Dining,Restaurant,Client Lunch,-18.21,USD,Cleared,Merchant_19,BIZ-MEAL,Sales,25299.75
TXN-1232,2026-03-19,Checking,Transport,Fuel,Gas Station,-10.97,USD,Cleared,Merchant_31,TRA-01,Commute,25288.78
TXN-1233,2026-03-19,Credit,Business,Software,SaaS Subscription,-32.55,USD,Cleared,Merchant_42,BIZ-EXP,Project_Alpha,25256.23
TXN-1234,2026-03-20,Checking,Business,Software,SaaS Subscription,-87.56,USD,Cleared,Merchant_3,BIZ-EXP,Project_Alpha,25168.67
TXN-1235,2026-03-20,Credit,Business,Software,SaaS Subscription,-75.06,USD,Cleared,Merchant_7,BIZ-EXP,Project_Alpha,25093.61
TXN-1236,2026-03-20,Credit,Dining,Restaurant,Client Lunch,-107.73,USD,Cleared,Merchant_41,BIZ-MEAL,Sales,24985.88
TXN-1237,2026-03-21,Credit,Healthcare,Pharmacy,Medical Supplies,-144.66,USD,Cleared,Merchant_13,MED-01,Wellness,24841.22
TXN-1238,2026-03-21,Credit,Lifestyle,Entertainment,Cinema/Streaming,-47.05,USD,Cleared,Merchant_6,ENT-01,Personal,24794.17
TXN-1239,2026-03-21,Checking,Lifestyle,Entertainment,Cinema/Streaming,-97.11,USD,Cleared,Merchant_17,ENT-01,Personal,24697.06
TXN-1240,2026-03-22,Checking,Income,Salary,Monthly Payroll,5500,USD,Cleared,Merchant_38,INC-01,Core,30197.06
TXN-1241,2026-03-22,Checking,Healthcare,Pharmacy,Medical Supplies,-69.65,USD,Cleared,Merchant_47,MED-01,Wellness,30127.41
TXN-1242,2026-03-22,Checking,Healthcare,Pharmacy,Medical Supplies,-64.56,USD,Cleared,Merchant_16,MED-01,Wellness,30062.85
TXN-1243,2026-03-23,Credit,Dining,Restaurant,Client Lunch,-137.54,USD,Cleared,Merchant_44,BIZ-MEAL,Sales,29925.31
TXN-1244,2026-03-23,Checking,Transport,Fuel,Gas Station,-113.35,USD,Cleared,Merchant_29,TRA-01,Commute,29811.96
TXN-1245,2026-03-23,Checking,Healthcare,Pharmacy,Medical Supplies,-91.6,USD,Cleared,Merchant_3,MED-01,Wellness,29720.36
TXN-1246,2026-03-24,Checking,Healthcare,Pharmacy,Medical Supplies,-108.83,USD,Cleared,Merchant_30,MED-01,Wellness,29611.53
TXN-1247,2026-03-24,Checking,Travel,Uber,Airport Ride,-140.62,USD,Cleared,Merchant_7,BIZ-TRAV,Travel_Q1,29470.91
TXN-1248,2026-03-24,Checking,Travel,Uber,Airport Ride,-26.02,USD,Cleared,Merchant_37,BIZ-TRAV,Travel_Q1,29444.89
TXN-1249,2026-03-25,Checking,Dining,Restaurant,Client Lunch,-103.29,USD,Cleared,Merchant_24,BIZ-MEAL,Sales,29341.60
TXN-1250,2026-03-25,Credit,Travel,Uber,Airport Ride,-124.7,USD,Cleared,Merchant_37,BIZ-TRAV,Travel_Q1,29216.90
TXN-1251,2026-03-25,Checking,Transport,Fuel,Gas Station,-39.76,USD,Cleared,Merchant_5,TRA-01,Commute,29177.14
TXN-1252,2026-03-26,Checking,Dining,Restaurant,Client Lunch,-42.09,USD,Cleared,Merchant_10,BIZ-MEAL,Sales,29135.05
TXN-1253,2026-03-26,Credit,Food,Groceries,Weekly Shop,-129.61,USD,Cleared,Merchant_10,FOOD-01,Living,29005.44
TXN-1254,2026-03-26,Checking,Dining,Restaurant,Client Lunch,-50.26,USD,Cleared,Merchant_30,BIZ-MEAL,Sales,28955.18
TXN-1255,2026-03-27,Credit,Food,Groceries,Weekly Shop,-84.75,USD,Cleared,Merchant_39,FOOD-01,Living,28870.43
TXN-1256,2026-03-27,Credit,Transport,Fuel,Gas Station,-55.93,USD,Cleared,Merchant_13,TRA-01,Commute,28814.50
TXN-1257,2026-03-27,Credit,Dining,Restaurant,Client Lunch,-129.03,USD,Cleared,Merchant_36,BIZ-MEAL,Sales,28685.47
TXN-1258,2026-03-28,Credit,Transport,Fuel,Gas Station,-22.63,USD,Cleared,Merchant_15,TRA-01,Commute,28662.84
TXN-1259,2026-03-28,Credit,Travel,Uber,Airport Ride,-67.86,USD,Cleared,Merchant_25,BIZ-TRAV,Travel_Q1,28594.98
TXN-1260,2026-03-28,Credit,Transport,Fuel,Gas Station,-87.5,USD,Cleared,Merchant_4,TRA-01,Commute,28507.48
TXN-1261,2026-03-29,Credit,Healthcare,Pharmacy,Medical Supplies,-134.2,USD,Cleared,Merchant_21,MED-01,Wellness,28373.28
TXN-1262,2026-03-29,Credit,Dining,Restaurant,Client Lunch,-104.38,USD,Cleared,Merchant_35,BIZ-MEAL,Sales,28268.90
TXN-1263,2026-03-29,Checking,Travel,Uber,Airport Ride,-63.81,USD,Cleared,Merchant_28,BIZ-TRAV,Travel_Q1,28205.09
TXN-1264,2026-03-30,Checking,Dining,Restaurant,Client Lunch,-29.28,USD,Cleared,Merchant_21,BIZ-MEAL,Sales,28175.81
TXN-1265,2026-03-30,Checking,Business,Software,SaaS Subscription,-27.27,USD,Cleared,Merchant_35,BIZ-EXP,Project_Alpha,28148.54
TXN-1266,2026-03-30,Credit,Travel,Uber,Airport Ride,-132.68,USD,Cleared,Merchant_47,BIZ-TRAV,Travel_Q1,28015.86
TXN-1267,2026-03-31,Credit,Food,Groceries,Weekly Shop,-22.93,USD,Cleared,Merchant_40,FOOD-01,Living,27992.93
TXN-1268,2026-03-31,Checking,Food,Groceries,Weekly Shop,-20.33,USD,Cleared,Merchant_28,FOOD-01,Living,27972.60
TXN-1269,2026-03-31,Credit,Dining,Restaurant,Client Lunch,-28.38,USD,Cleared,Merchant_47,BIZ-MEAL,Sales,27944.22
TXN-1270,2026-04-01,Checking,Income,Salary,Monthly Payroll,5500,USD,Cleared,Merchant_39,INC-01,Core,33444.22
TXN-1271,2026-04-01,Checking,Healthcare,Pharmacy,Medical Supplies,-79.16,USD,Cleared,Merchant_13,MED-01,Wellness,33365.06
TXN-1272,2026-04-01,Credit,Food,Groceries,Weekly Shop,-10.65,USD,Cleared,Merchant_5,FOOD-01,Living,33354.41
TXN-1273,2026-04-02,Checking,Transport,Fuel,Gas Station,-50.43,USD,Cleared,Merchant_38,TRA-01,Commute,33303.98
TXN-1274,2026-04-02,Checking,Business,Software,SaaS Subscription,-54.77,USD,Cleared,Merchant_15,BIZ-EXP,Project_Alpha,33249.21
TXN-1275,2026-04-02,Checking,Healthcare,Pharmacy,Medical Supplies,-79.02,USD,Cleared,Merchant_20,MED-01,Wellness,33170.19
TXN-1276,2026-04-03,Checking,Transport,Fuel,Gas Station,-15.61,USD,Cleared,Merchant_4,TRA-01,Commute,33154.58
TXN-1277,2026-04-03,Credit,Travel,Uber,Airport Ride,-78.65,USD,Cleared,Merchant_30,BIZ-TRAV,Travel_Q1,33075.93
TXN-1278,2026-04-03,Checking,Dining,Restaurant,Client Lunch,-105.91,USD,Cleared,Merchant_13,BIZ-MEAL,Sales,32970.02
TXN-1279,2026-04-04,Checking,Business,Software,SaaS Subscription,-76.8,USD,Cleared,Merchant_18,BIZ-EXP,Project_Alpha,32893.22
TXN-1280,2026-04-04,Checking,Food,Groceries,Weekly Shop,-62.63,USD,Cleared,Merchant_3,FOOD-01,Living,32830.59
TXN-1281,2026-04-04,Checking,Transport,Fuel,Gas Station,-31.56,USD,Cleared,Merchant_38,TRA-01,Commute,32799.03
TXN-1282,2026-04-05,Checking,Food,Groceries,Weekly Shop,-94.56,USD,Cleared,Merchant_23,FOOD-01,Living,32704.47
TXN-1283,2026-04-05,Credit,Food,Groceries,Weekly Shop,-94.66,USD,Cleared,Merchant_17,FOOD-01,Living,32609.81
TXN-1284,2026-04-05,Credit,Transport,Fuel,Gas Station,-58.72,USD,Cleared,Merchant_43,TRA-01,Commute,32551.09
TXN-1285,2026-04-06,Credit,Business,Software,SaaS Subscription,-49.53,USD,Cleared,Merchant_36,BIZ-EXP,Project_Alpha,32501.56
TXN-1286,2026-04-06,Checking,Travel,Uber,Airport Ride,-89.25,USD,Cleared,Merchant_13,BIZ-TRAV,Travel_Q1,32412.31
TXN-1287,2026-04-06,Checking,Healthcare,Pharmacy,Medical Supplies,-136.18,USD,Cleared,Merchant_0,MED-01,Wellness,32276.13
TXN-1288,2026-04-07,Checking,Transport,Fuel,Gas Station,-19.52,USD,Cleared,Merchant_9,TRA-01,Commute,32256.61
TXN-1289,2026-04-07,Checking,Business,Software,SaaS Subscription,-99.12,USD,Cleared,Merchant_12,BIZ-EXP,Project_Alpha,32157.49
TXN-1290,2026-04-07,Credit,Lifestyle,Entertainment,Cinema/Streaming,-79.14,USD,Cleared,Merchant_19,ENT-01,Personal,32078.35
TXN-1291,2026-04-08,Checking,Transport,Fuel,Gas Station,-103.09,USD,Cleared,Merchant_19,TRA-01,Commute,31975.26
TXN-1292,2026-04-08,Credit,Food,Groceries,Weekly Shop,-39.31,USD,Cleared,Merchant_32,FOOD-01,Living,31935.95
TXN-1293,2026-04-08,Credit,Healthcare,Pharmacy,Medical Supplies,-113.1,USD,Cleared,Merchant_41,MED-01,Wellness,31822.85
TXN-1294,2026-04-09,Credit,Travel,Uber,Airport Ride,-75.34,USD,Cleared,Merchant_10,BIZ-TRAV,Travel_Q1,31747.51
TXN-1295,2026-04-09,Credit,Travel,Uber,Airport Ride,-135.13,USD,Cleared,Merchant_2,BIZ-TRAV,Travel_Q1,31612.38
TXN-1296,2026-04-09,Credit,Healthcare,Pharmacy,Medical Supplies,-77.82,USD,Cleared,Merchant_1,MED-01,Wellness,31534.56
TXN-1297,2026-04-10,Checking,Dining,Restaurant,Client Lunch,-142.63,USD,Cleared,Merchant_41,BIZ-MEAL,Sales,31391.93
TXN-1298,2026-04-10,Checking,Lifestyle,Entertainment,Cinema/Streaming,-117.54,USD,Cleared,Merchant_15,ENT-01,Personal,31274.39
TXN-1299,2026-04-10,Credit,Lifestyle,Entertainment,Cinema/Streaming,-111.72,USD,Cleared,Merchant_29,ENT-01,Personal,31162.67
TXN-1300,2026-04-11,Checking,Income,Salary,Monthly Payroll,5500,USD,Cleared,Merchant_40,INC-01,Core,36662.67
TXN-1301,2026-04-11,Credit,Transport,Fuel,Gas Station,-33,USD,Cleared,Merchant_11,TRA-01,Commute,36629.67
TXN-1302,2026-04-11,Checking,Transport,Fuel,Gas Station,-93.21,USD,Cleared,Merchant_48,TRA-01,Commute,36536.46
TXN-1303,2026-04-12,Credit,Healthcare,Pharmacy,Medical Supplies,-23.71,USD,Cleared,Merchant_7,MED-01,Wellness,36512.75
TXN-1304,2026-04-12,Checking,Transport,Fuel,Gas Station,-65.71,USD,Cleared,Merchant_42,TRA-01,Commute,36447.04
TXN-1305,2026-04-12,Checking,Food,Groceries,Weekly Shop,-64.79,USD,Cleared,Merchant_33,FOOD-01,Living,36382.25
TXN-1306,2026-04-13,Checking,Food,Groceries,Weekly Shop,-136.1,USD,Cleared,Merchant_49,FOOD-01,Living,36246.15
TXN-1307,2026-04-13,Credit,Business,Software,SaaS Subscription,-65.91,USD,Cleared,Merchant_48,BIZ-EXP,Project_Alpha,36180.24
TXN-1308,2026-04-13,Checking,Healthcare,Pharmacy,Medical Supplies,-73.66,USD,Cleared,Merchant_20,MED-01,Wellness,36106.58
TXN-1309,2026-04-14,Checking,Dining,Restaurant,Client Lunch,-52.01,USD,Cleared,Merchant_35,BIZ-MEAL,Sales,36054.57
TXN-1310,2026-04-14,Checking,Food,Groceries,Weekly Shop,-147.35,USD,Cleared,Merchant_7,FOOD-01,Living,35907.22
TXN-1311,2026-04-14,Checking,Transport,Fuel,Gas Station,-16.45,USD,Cleared,Merchant_10,TRA-01,Commute,35890.77
TXN-1312,2026-04-15,Checking,Healthcare,Pharmacy,Medical Supplies,-62.66,USD,Cleared,Merchant_26,MED-01,Wellness,35828.11
TXN-1313,2026-04-15,Checking,Dining,Restaurant,Client Lunch,-109.48,USD,Cleared,Merchant_33,BIZ-MEAL,Sales,35718.63
TXN-1314,2026-04-15,Credit,Lifestyle,Entertainment,Cinema/Streaming,-15.09,USD,Cleared,Merchant_12,ENT-01,Personal,35703.54
TXN-1315,2026-04-16,Checking,Transport,Fuel,Gas Station,-30.68,USD,Cleared,Merchant_10,TRA-01,Commute,35672.86
TXN-1316,2026-04-16,Credit,Business,Software,SaaS Subscription,-50.87,USD,Cleared,Merchant_3,BIZ-EXP,Project_Alpha,35621.99
TXN-1317,2026-04-16,Checking,Healthcare,Pharmacy,Medical Supplies,-71.01,USD,Cleared,Merchant_9,MED-01,Wellness,35550.98
TXN-1318,2026-04-17,Checking,Business,Software,SaaS Subscription,-141.85,USD,Cleared,Merchant_21,BIZ-EXP,Project_Alpha,35409.13
TXN-1319,2026-04-17,Checking,Lifestyle,Entertainment,Cinema/Streaming,-92.39,USD,Cleared,Merchant_41,ENT-01,Personal,35316.74
TXN-1320,2026-04-17,Credit,Lifestyle,Entertainment,Cinema/Streaming,-88.92,USD,Cleared,Merchant_1,ENT-01,Personal,35227.82
TXN-1321,2026-04-18,Checking,Healthcare,Pharmacy,Medical Supplies,-85.4,USD,Cleared,Merchant_38,MED-01,Wellness,35142.42
TXN-1322,2026-04-18,Credit,Business,Software,SaaS Subscription,-15.88,USD,Cleared,Merchant_26,BIZ-EXP,Project_Alpha,35126.54
TXN-1323,2026-04-18,Checking,Business,Software,SaaS Subscription,-67.6,USD,Cleared,Merchant_41,BIZ-EXP,Project_Alpha,35058.94
TXN-1324,2026-04-19,Credit,Lifestyle,Entertainment,Cinema/Streaming,-12.44,USD,Cleared,Merchant_31,ENT-01,Personal,35046.50
TXN-1325,2026-04-19,Credit,Business,Software,SaaS Subscription,-50.38,USD,Cleared,Merchant_24,BIZ-EXP,Project_Alpha,34996.12
TXN-1326,2026-04-19,Checking,Lifestyle,Entertainment,Cinema/Streaming,-92.54,USD,Cleared,Merchant_15,ENT-01,Personal,34903.58
TXN-1327,2026-04-20,Checking,Business,Software,SaaS Subscription,-13.59,USD,Cleared,Merchant_26,BIZ-EXP,Project_Alpha,34889.99
TXN-1328,2026-04-20,Credit,Lifestyle,Entertainment,Cinema/Streaming,-93.65,USD,Cleared,Merchant_27,ENT-01,Personal,34796.34
TXN-1329,2026-04-20,Checking,Business,Software,SaaS Subscription,-113.26,USD,Cleared,Merchant_14,BIZ-EXP,Project_Alpha,34683.08
TXN-1330,2026-04-21,Checking,Income,Salary,Monthly Payroll,5500,USD,Cleared,Merchant_1,INC-01,Core,40183.08
TXN-1331,2026-04-21,Checking,Transport,Fuel,Gas Station,-143.19,USD,Cleared,Merchant_20,TRA-01,Commute,40039.89
TXN-1332,2026-04-21,Credit,Food,Groceries,Weekly Shop,-114.11,USD,Cleared,Merchant_2,FOOD-01,Living,39925.78
TXN-1333,2026-04-22,Credit,Lifestyle,Entertainment,Cinema/Streaming,-88.6,USD,Cleared,Merchant_37,ENT-01,Personal,39837.18
TXN-1334,2026-04-22,Credit,Business,Software,SaaS Subscription,-93.26,USD,Cleared,Merchant_42,BIZ-EXP,Project_Alpha,39743.92
TXN-1335,2026-04-22,Checking,Healthcare,Pharmacy,Medical Supplies,-127.39,USD,Cleared,Merchant_39,MED-01,Wellness,39616.53
TXN-1336,2026-04-23,Checking,Transport,Fuel,Gas Station,-88.69,USD,Cleared,Merchant_18,TRA-01,Commute,39527.84
TXN-1337,2026-04-23,Checking,Lifestyle,Entertainment,Cinema/Streaming,-29.8,USD,Cleared,Merchant_27,ENT-01,Personal,39498.04
TXN-1338,2026-04-23,Credit,Food,Groceries,Weekly Shop,-144.33,USD,Cleared,Merchant_13,FOOD-01,Living,39353.71
TXN-1339,2026-04-24,Credit,Transport,Fuel,Gas Station,-92.97,USD,Cleared,Merchant_42,TRA-01,Commute,39260.74
TXN-1340,2026-04-24,Checking,Healthcare,Pharmacy,Medical Supplies,-147.97,USD,Cleared,Merchant_49,MED-01,Wellness,39112.77
TXN-1341,2026-04-24,Checking,Food,Groceries,Weekly Shop,-104.48,USD,Cleared,Merchant_3,FOOD-01,Living,39008.29
TXN-1342,2026-04-25,Checking,Transport,Fuel,Gas Station,-116.43,USD,Cleared,Merchant_41,TRA-01,Commute,38891.86
TXN-1343,2026-04-25,Checking,Travel,Uber,Airport Ride,-107.97,USD,Cleared,Merchant_38,BIZ-TRAV,Travel_Q1,38783.89
TXN-1344,2026-04-25,Checking,Travel,Uber,Airport Ride,-44.62,USD,Cleared,Merchant_13,BIZ-TRAV,Travel_Q1,38739.27
TXN-1345,2026-04-26,Checking,Healthcare,Pharmacy,Medical Supplies,-47.91,USD,Cleared,Merchant_43,MED-01,Wellness,38691.36
TXN-1346,2026-04-26,Checking,Food,Groceries,Weekly Shop,-137.34,USD,Cleared,Merchant_32,FOOD-01,Living,38554.02
TXN-1347,2026-04-26,Credit,Dining,Restaurant,Client Lunch,-133.89,USD,Cleared,Merchant_26,BIZ-MEAL,Sales,38420.13
TXN-1348,2026-04-27,Credit,Lifestyle,Entertainment,Cinema/Streaming,-34.06,USD,Cleared,Merchant_24,ENT-01,Personal,38386.07
TXN-1349,2026-04-27,Checking,Lifestyle,Entertainment,Cinema/Streaming,-93.76,USD,Cleared,Merchant_21,ENT-01,Personal,38292.31
TXN-1350,2026-04-27,Checking,Lifestyle,Entertainment,Cinema/Streaming,-49.21,USD,Cleared,Merchant_43,ENT-01,Personal,38243.10
TXN-1351,2026-04-28,Checking,Lifestyle,Entertainment,Cinema/Streaming,-52.8,USD,Cleared,Merchant_3,ENT-01,Personal,38190.30
TXN-1352,2026-04-28,Credit,Dining,Restaurant,Client Lunch,-41.65,USD,Cleared,Merchant_20,BIZ-MEAL,Sales,38148.65
TXN-1353,2026-04-28,Credit,Dining,Restaurant,Client Lunch,-132.77,USD,Cleared,Merchant_28,BIZ-MEAL,Sales,38015.88
TXN-1354,2026-04-29,Checking,Business,Software,SaaS Subscription,-113.68,USD,Cleared,Merchant_26,BIZ-EXP,Project_Alpha,37902.20
TXN-1355,2026-04-29,Credit,Travel,Uber,Airport Ride,-72.79,USD,Cleared,Merchant_12,BIZ-TRAV,Travel_Q1,37829.41
TXN-1356,2026-04-29,Checking,Travel,Uber,Airport Ride,-24.9,USD,Cleared,Merchant_37,BIZ-TRAV,Travel_Q1,37804.51
TXN-1357,2026-04-30,Credit,Dining,Restaurant,Client Lunch,-20.93,USD,Cleared,Merchant_5,BIZ-MEAL,Sales,37783.58
TXN-1358,2026-04-30,Checking,Healthcare,Pharmacy,Medical Supplies,-80.26,USD,Cleared,Merchant_38,MED-01,Wellness,37703.32
TXN-1359,2026-04-30,Checking,Transport,Fuel,Gas Station,-41.91,USD,Cleared,Merchant_22,TRA-01,Commute,37661.41
TXN-1360,2026-05-01,Checking,Income,Salary,Monthly Payroll,5500,USD,Cleared,Merchant_10,INC-01,Core,43161.41
TXN-1361,2026-05-01,Credit,Lifestyle,Entertainment,Cinema/Streaming,-139.14,USD,Cleared,Merchant_22,ENT-01,Personal,43022.27
TXN-1362,2026-05-01,Checking,Travel,Uber,Airport Ride,-124.91,USD,Cleared,Merchant_20,BIZ-TRAV,Travel_Q1,42897.36
TXN-1363,2026-05-02,Checking,Business,Software,SaaS Subscription,-109.44,USD,Cleared,Merchant_35,BIZ-EXP,Project_Alpha,42787.92
TXN-1364,2026-05-02,Credit,Dining,Restaurant,Client Lunch,-12.46,USD,Cleared,Merchant_4,BIZ-MEAL,Sales,42775.46
TXN-1365,2026-05-02,Checking,Transport,Fuel,Gas Station,-125.7,USD,Cleared,Merchant_44,TRA-01,Commute,42649.76
TXN-1366,2026-05-03,Credit,Dining,Restaurant,Client Lunch,-34.29,USD,Cleared,Merchant_37,BIZ-MEAL,Sales,42615.47
TXN-1367,2026-05-03,Credit,Healthcare,Pharmacy,Medical Supplies,-33.59,USD,Cleared,Merchant_7,MED-01,Wellness,42581.88
TXN-1368,2026-05-03,Credit,Business,Software,SaaS Subscription,-97.67,USD,Cleared,Merchant_42,BIZ-EXP,Project_Alpha,42484.21
TXN-1369,2026-05-04,Credit,Lifestyle,Entertainment,Cinema/Streaming,-88.66,USD,Cleared,Merchant_25,ENT-01,Personal,42395.55
TXN-1370,2026-05-04,Checking,Dining,Restaurant,Client Lunch,-47.21,USD,Cleared,Merchant_6,BIZ-MEAL,Sales,42348.34
TXN-1371,2026-05-04,Credit,Travel,Uber,Airport Ride,-39.34,USD,Cleared,Merchant_47,BIZ-TRAV,Travel_Q1,42309.00
TXN-1372,2026-05-05,Credit,Business,Software,SaaS Subscription,-92.49,USD,Cleared,Merchant_11,BIZ-EXP,Project_Alpha,42216.51
TXN-1373,2026-05-05,Checking,Lifestyle,Entertainment,Cinema/Streaming,-87.32,USD,Cleared,Merchant_40,ENT-01,Personal,42129.19
TXN-1374,2026-05-05,Checking,Transport,Fuel,Gas Station,-65.2,USD,Cleared,Merchant_34,TRA-01,Commute,42063.99
TXN-1375,2026-05-06,Credit,Transport,Fuel,Gas Station,-139.38,USD,Cleared,Merchant_33,TRA-01,Commute,41924.61
TXN-1376,2026-05-06,Checking,Dining,Restaurant,Client Lunch,-29.66,USD,Cleared,Merchant_30,BIZ-MEAL,Sales,41894.95
TXN-1377,2026-05-06,Checking,Food,Groceries,Weekly Shop,-32.43,USD,Cleared,Merchant_1,FOOD-01,Living,41862.52
TXN-1378,2026-05-07,Checking,Healthcare,Pharmacy,Medical Supplies,-44.3,USD,Cleared,Merchant_14,MED-01,Wellness,41818.22
TXN-1379,2026-05-07,Checking,Dining,Restaurant,Client Lunch,-126.35,USD,Cleared,Merchant_49,BIZ-MEAL,Sales,41691.87
TXN-1380,2026-05-07,Checking,Travel,Uber,Airport Ride,-118.17,USD,Cleared,Merchant_19,BIZ-TRAV,Travel_Q1,41573.70
TXN-1381,2026-05-08,Credit,Food,Groceries,Weekly Shop,-71.16,USD,Cleared,Merchant_10,FOOD-01,Living,41502.54
TXN-1382,2026-05-08,Credit,Food,Groceries,Weekly Shop,-25.25,USD,Cleared,Merchant_11,FOOD-01,Living,41477.29
TXN-1383,2026-05-08,Credit,Healthcare,Pharmacy,Medical Supplies,-140.48,USD,Cleared,Merchant_44,MED-01,Wellness,41336.81
TXN-1384,2026-05-09,Checking,Travel,Uber,Airport Ride,-120.75,USD,Cleared,Merchant_38,BIZ-TRAV,Travel_Q1,41216.06
TXN-1385,2026-05-09,Checking,Travel,Uber,Airport Ride,-35.07,USD,Cleared,Merchant_33,BIZ-TRAV,Travel_Q1,41180.99
TXN-1386,2026-05-09,Credit,Business,Software,SaaS Subscription,-127.15,USD,Cleared,Merchant_21,BIZ-EXP,Project_Alpha,41053.84
TXN-1387,2026-05-10,Checking,Business,Software,SaaS Subscription,-123.78,USD,Cleared,Merchant_13,BIZ-EXP,Project_Alpha,40930.06
TXN-1388,2026-05-10,Credit,Transport,Fuel,Gas Station,-92.22,USD,Cleared,Merchant_4,TRA-01,Commute,40837.84
TXN-1389,2026-05-10,Credit,Travel,Uber,Airport Ride,-95.68,USD,Cleared,Merchant_8,BIZ-TRAV,Travel_Q1,40742.16
TXN-1390,2026-05-11,Checking,Income,Salary,Monthly Payroll,5500,USD,Cleared,Merchant_40,INC-01,Core,46242.16
TXN-1391,2026-05-11,Checking,Food,Groceries,Weekly Shop,-142.37,USD,Cleared,Merchant_4,FOOD-01,Living,46099.79
TXN-1392,2026-05-11,Credit,Business,Software,SaaS Subscription,-57.35,USD,Cleared,Merchant_8,BIZ-EXP,Project_Alpha,46042.44
TXN-1393,2026-05-12,Credit,Lifestyle,Entertainment,Cinema/Streaming,-76.47,USD,Cleared,Merchant_6,ENT-01,Personal,45965.97
TXN-1394,2026-05-12,Checking,Dining,Restaurant,Client Lunch,-103.76,USD,Cleared,Merchant_45,BIZ-MEAL,Sales,45862.21
TXN-1395,2026-05-12,Checking,Travel,Uber,Airport Ride,-82.52,USD,Cleared,Merchant_28,BIZ-TRAV,Travel_Q1,45779.69
TXN-1396,2026-05-13,Credit,Food,Groceries,Weekly Shop,-67.29,USD,Cleared,Merchant_15,FOOD-01,Living,45712.40
TXN-1397,2026-05-13,Credit,Transport,Fuel,Gas Station,-21.04,USD,Cleared,Merchant_13,TRA-01,Commute,45691.36
TXN-1398,2026-05-13,Credit,Healthcare,Pharmacy,Medical Supplies,-28.74,USD,Cleared,Merchant_8,MED-01,Wellness,45662.62
TXN-1399,2026-05-14,Checking,Dining,Restaurant,Client Lunch,-115.68,USD,Cleared,Merchant_49,BIZ-MEAL,Sales,45546.94
TXN-1400,2026-05-14,Credit,Healthcare,Pharmacy,Medical Supplies,-65.13,USD,Cleared,Merchant_47,MED-01,Wellness,45481.81
TXN-1401,2026-05-14,Checking,Travel,Uber,Airport Ride,-90.65,USD,Cleared,Merchant_26,BIZ-TRAV,Travel_Q1,45391.16
TXN-1402,2026-05-15,Credit,Transport,Fuel,Gas Station,-30.96,USD,Cleared,Merchant_6,TRA-01,Commute,45360.20
TXN-1403,2026-05-15,Checking,Transport,Fuel,Gas Station,-122.24,USD,Cleared,Merchant_41,TRA-01,Commute,45237.96
TXN-1404,2026-05-15,Credit,Transport,Fuel,Gas Station,-55.73,USD,Cleared,Merchant_17,TRA-01,Commute,45182.23
TXN-1405,2026-05-16,Checking,Transport,Fuel,Gas Station,-70.43,USD,Cleared,Merchant_28,TRA-01,Commute,45111.80
TXN-1406,2026-05-16,Checking,Travel,Uber,Airport Ride,-112.6,USD,Cleared,Merchant_24,BIZ-TRAV,Travel_Q1,44999.20
TXN-1407,2026-05-16,Credit,Dining,Restaurant,Client Lunch,-11.1,USD,Cleared,Merchant_20,BIZ-MEAL,Sales,44988.10
TXN-1408,2026-05-17,Credit,Food,Groceries,Weekly Shop,-61.19,USD,Cleared,Merchant_37,FOOD-01,Living,44926.91
TXN-1409,2026-05-17,Credit,Food,Groceries,Weekly Shop,-87.85,USD,Cleared,Merchant_44,FOOD-01,Living,44839.06
TXN-1410,2026-05-17,Checking,Food,Groceries,Weekly Shop,-144.45,USD,Cleared,Merchant_36,FOOD-01,Living,44694.61
TXN-1411,2026-05-18,Checking,Lifestyle,Entertainment,Cinema/Streaming,-83.75,USD,Cleared,Merchant_42,ENT-01,Personal,44610.86
TXN-1412,2026-05-18,Checking,Travel,Uber,Airport Ride,-110.51,USD,Cleared,Merchant_27,BIZ-TRAV,Travel_Q1,44500.35
TXN-1413,2026-05-18,Credit,Lifestyle,Entertainment,Cinema/Streaming,-112.62,USD,Cleared,Merchant_43,ENT-01,Personal,44387.73
TXN-1414,2026-05-19,Credit,Travel,Uber,Airport Ride,-127.48,USD,Cleared,Merchant_17,BIZ-TRAV,Travel_Q1,44260.25
TXN-1415,2026-05-19,Checking,Food,Groceries,Weekly Shop,-148.63,USD,Cleared,Merchant_18,FOOD-01,Living,44111.62
TXN-1416,2026-05-19,Credit,Transport,Fuel,Gas Station,-58.28,USD,Cleared,Merchant_5,TRA-01,Commute,44053.34
TXN-1417,2026-05-20,Checking,Lifestyle,Entertainment,Cinema/Streaming,-33.29,USD,Cleared,Merchant_44,ENT-01,Personal,44020.05
TXN-1418,2026-05-20,Checking,Business,Software,SaaS Subscription,-113.67,USD,Cleared,Merchant_31,BIZ-EXP,Project_Alpha,43906.38
TXN-1419,2026-05-20,Credit,Transport,Fuel,Gas Station,-123.64,USD,Cleared,Merchant_37,TRA-01,Commute,43782.74
TXN-1420,2026-05-21,Checking,Income,Salary,Monthly Payroll,5500,USD,Cleared,Merchant_4,INC-01,Core,49282.74
TXN-1421,2026-05-21,Checking,Healthcare,Pharmacy,Medical Supplies,-15.46,USD,Cleared,Merchant_11,MED-01,Wellness,49267.28
TXN-1422,2026-05-21,Credit,Business,Software,SaaS Subscription,-19.36,USD,Cleared,Merchant_12,BIZ-EXP,Project_Alpha,49247.92
TXN-1423,2026-05-22,Credit,Transport,Fuel,Gas Station,-32.58,USD,Cleared,Merchant_21,TRA-01,Commute,49215.34
TXN-1424,2026-05-22,Credit,Lifestyle,Entertainment,Cinema/Streaming,-146.92,USD,Cleared,Merchant_47,ENT-01,Personal,49068.42
TXN-1425,2026-05-22,Checking,Healthcare,Pharmacy,Medical Supplies,-74,USD,Cleared,Merchant_45,MED-01,Wellness,48994.42
TXN-1426,2026-05-23,Credit,Food,Groceries,Weekly Shop,-137.89,USD,Cleared,Merchant_6,FOOD-01,Living,48856.53
TXN-1427,2026-05-23,Credit,Food,Groceries,Weekly Shop,-48.2,USD,Cleared,Merchant_12,FOOD-01,Living,48808.33
TXN-1428,2026-05-23,Checking,Food,Groceries,Weekly Shop,-74.35,USD,Cleared,Merchant_7,FOOD-01,Living,48733.98
TXN-1429,2026-05-24,Credit,Transport,Fuel,Gas Station,-48.42,USD,Cleared,Merchant_14,TRA-01,Commute,48685.56
TXN-1430,2026-05-24,Checking,Food,Groceries,Weekly Shop,-28.54,USD,Cleared,Merchant_0,FOOD-01,Living,48657.02
TXN-1431,2026-05-24,Checking,Lifestyle,Entertainment,Cinema/Streaming,-12.02,USD,Cleared,Merchant_46,ENT-01,Personal,48645.00
TXN-1432,2026-05-25,Credit,Healthcare,Pharmacy,Medical Supplies,-82.71,USD,Cleared,Merchant_6,MED-01,Wellness,48562.29
TXN-1433,2026-05-25,Credit,Healthcare,Pharmacy,Medical Supplies,-35.35,USD,Cleared,Merchant_34,MED-01,Wellness,48526.94
TXN-1434,2026-05-25,Credit,Lifestyle,Entertainment,Cinema/Streaming,-131.85,USD,Cleared,Merchant_5,ENT-01,Personal,48395.09
TXN-1435,2026-05-26,Checking,Transport,Fuel,Gas Station,-145.62,USD,Cleared,Merchant_48,TRA-01,Commute,48249.47
TXN-1436,2026-05-26,Credit,Transport,Fuel,Gas Station,-35.74,USD,Cleared,Merchant_12,TRA-01,Commute,48213.73
TXN-1437,2026-05-26,Checking,Lifestyle,Entertainment,Cinema/Streaming,-89.06,USD,Cleared,Merchant_42,ENT-01,Personal,48124.67
TXN-1438,2026-05-27,Checking,Transport,Fuel,Gas Station,-107.02,USD,Cleared,Merchant_27,TRA-01,Commute,48017.65
TXN-1439,2026-05-27,Credit,Dining,Restaurant,Client Lunch,-75.01,USD,Cleared,Merchant_24,BIZ-MEAL,Sales,47942.64
TXN-1440,2026-05-27,Credit,Transport,Fuel,Gas Station,-88.55,USD,Cleared,Merchant_24,TRA-01,Commute,47854.09
TXN-1441,2026-05-28,Credit,Transport,Fuel,Gas Station,-108.18,USD,Cleared,Merchant_8,TRA-01,Commute,47745.91
TXN-1442,2026-05-28,Credit,Food,Groceries,Weekly Shop,-123.87,USD,Cleared,Merchant_26,FOOD-01,Living,47622.04
TXN-1443,2026-05-28,Checking,Food,Groceries,Weekly Shop,-28.18,USD,Cleared,Merchant_18,FOOD-01,Living,47593.86
TXN-1444,2026-05-29,Checking,Travel,Uber,Airport Ride,-139.45,USD,Cleared,Merchant_31,BIZ-TRAV,Travel_Q1,47454.41
TXN-1445,2026-05-29,Credit,Healthcare,Pharmacy,Medical Supplies,-18.64,USD,Cleared,Merchant_35,MED-01,Wellness,47435.77
TXN-1446,2026-05-29,Credit,Transport,Fuel,Gas Station,-25.33,USD,Cleared,Merchant_46,TRA-01,Commute,47410.44
TXN-1447,2026-05-30,Checking,Travel,Uber,Airport Ride,-55.33,USD,Cleared,Merchant_1,BIZ-TRAV,Travel_Q1,47355.11
TXN-1448,2026-05-30,Credit,Travel,Uber,Airport Ride,-67.1,USD,Cleared,Merchant_33,BIZ-TRAV,Travel_Q1,47288.01
TXN-1449,2026-05-30,Credit,Food,Groceries,Weekly Shop,-30.38,USD,Cleared,Merchant_28,FOOD-01,Living,47257.63
TXN-1450,2026-05-31,Checking,Income,Salary,Monthly Payroll,5500,USD,Cleared,Merchant_7,INC-01,Core,52757.63
TXN-1451,2026-05-31,Checking,Dining,Restaurant,Client Lunch,-100.47,USD,Cleared,Merchant_34,BIZ-MEAL,Sales,52657.16
TXN-1452,2026-05-31,Checking,Dining,Restaurant,Client Lunch,-21.22,USD,Cleared,Merchant_43,BIZ-MEAL,Sales,52635.94
TXN-1453,2026-06-01,Credit,Travel,Uber,Airport Ride,-87.97,USD,Cleared,Merchant_37,BIZ-TRAV,Travel_Q1,52547.97
TXN-1454,2026-06-01,Credit,Food,Groceries,Weekly Shop,-26.87,USD,Cleared,Merchant_1,FOOD-01,Living,52521.10
TXN-1455,2026-06-01,Credit,Business,Software,SaaS Subscription,-94.43,USD,Cleared,Merchant_6,BIZ-EXP,Project_Alpha,52426.67
TXN-1456,2026-06-02,Credit,Business,Software,SaaS Subscription,-53.84,USD,Cleared,Merchant_38,BIZ-EXP,Project_Alpha,52372.83
TXN-1457,2026-06-02,Credit,Healthcare,Pharmacy,Medical Supplies,-43.47,USD,Cleared,Merchant_23,MED-01,Wellness,52329.36
TXN-1458,2026-06-02,Credit,Business,Software,SaaS Subscription,-13.5,USD,Cleared,Merchant_47,BIZ-EXP,Project_Alpha,52315.86
TXN-1459,2026-06-03,Checking,Travel,Uber,Airport Ride,-121.46,USD,Cleared,Merchant_44,BIZ-TRAV,Travel_Q1,52194.40
TXN-1460,2026-06-03,Checking,Dining,Restaurant,Client Lunch,-134.48,USD,Cleared,Merchant_8,BIZ-MEAL,Sales,52059.92
TXN-1461,2026-06-03,Checking,Transport,Fuel,Gas Station,-103.71,USD,Cleared,Merchant_14,TRA-01,Commute,51956.21
TXN-1462,2026-06-04,Credit,Travel,Uber,Airport Ride,-90.83,USD,Cleared,Merchant_22,BIZ-TRAV,Travel_Q1,51865.38
TXN-1463,2026-06-04,Checking,Lifestyle,Entertainment,Cinema/Streaming,-107.49,USD,Cleared,Merchant_18,ENT-01,Personal,51757.89
TXN-1464,2026-06-04,Credit,Food,Groceries,Weekly Shop,-120.97,USD,Cleared,Merchant_22,FOOD-01,Living,51636.92
TXN-1465,2026-06-05,Checking,Business,Software,SaaS Subscription,-66.95,USD,Cleared,Merchant_32,BIZ-EXP,Project_Alpha,51569.97
TXN-1466,2026-06-05,Credit,Healthcare,Pharmacy,Medical Supplies,-131.44,USD,Cleared,Merchant_23,MED-01,Wellness,51438.53
TXN-1467,2026-06-05,Credit,Healthcare,Pharmacy,Medical Supplies,-89.65,USD,Cleared,Merchant_41,MED-01,Wellness,51348.88
TXN-1468,2026-06-06,Credit,Travel,Uber,Airport Ride,-43.17,USD,Cleared,Merchant_49,BIZ-TRAV,Travel_Q1,51305.71
TXN-1469,2026-06-06,Checking,Healthcare,Pharmacy,Medical Supplies,-39.11,USD,Cleared,Merchant_42,MED-01,Wellness,51266.60
TXN-1470,2026-06-06,Credit,Healthcare,Pharmacy,Medical Supplies,-56.91,USD,Cleared,Merchant_6,MED-01,Wellness,51209.69
TXN-1471,2026-06-07,Checking,Transport,Fuel,Gas Station,-21.57,USD,Cleared,Merchant_23,TRA-01,Commute,51188.12
TXN-1472,2026-06-07,Checking,Dining,Restaurant,Client Lunch,-144.52,USD,Cleared,Merchant_12,BIZ-MEAL,Sales,51043.60
TXN-1473,2026-06-07,Checking,Dining,Restaurant,Client Lunch,-94.22,USD,Cleared,Merchant_15,BIZ-MEAL,Sales,50949.38
TXN-1474,2026-06-08,Checking,Healthcare,Pharmacy,Medical Supplies,-25,USD,Cleared,Merchant_37,MED-01,Wellness,50924.38
TXN-1475,2026-06-08,Credit,Travel,Uber,Airport Ride,-148.68,USD,Cleared,Merchant_26,BIZ-TRAV,Travel_Q1,50775.70
TXN-1476,2026-06-08,Credit,Lifestyle,Entertainment,Cinema/Streaming,-144.47,USD,Cleared,Merchant_24,ENT-01,Personal,50631.23
TXN-1477,2026-06-09,Credit,Lifestyle,Entertainment,Cinema/Streaming,-60.15,USD,Cleared,Merchant_19,ENT-01,Personal,50571.08
TXN-1478,2026-06-09,Checking,Dining,Restaurant,Client Lunch,-142.24,USD,Cleared,Merchant_17,BIZ-MEAL,Sales,50428.84
TXN-1479,2026-06-09,Checking,Food,Groceries,Weekly Shop,-112.72,USD,Cleared,Merchant_29,FOOD-01,Living,50316.12
TXN-1480,2026-06-10,Checking,Income,Salary,Monthly Payroll,5500,USD,Cleared,Merchant_31,INC-01,Core,55816.12
TXN-1481,2026-06-10,Credit,Healthcare,Pharmacy,Medical Supplies,-140.12,USD,Cleared,Merchant_34,MED-01,Wellness,55676.00
TXN-1482,2026-06-10,Checking,Healthcare,Pharmacy,Medical Supplies,-133.2,USD,Cleared,Merchant_19,MED-01,Wellness,55542.80
TXN-1483,2026-06-11,Checking,Travel,Uber,Airport Ride,-135.64,USD,Cleared,Merchant_27,BIZ-TRAV,Travel_Q1,55407.16
TXN-1484,2026-06-11,Credit,Lifestyle,Entertainment,Cinema/Streaming,-75.2,USD,Cleared,Merchant_12,ENT-01,Personal,55331.96
TXN-1485,2026-06-11,Credit,Transport,Fuel,Gas Station,-71,USD,Cleared,Merchant_30,TRA-01,Commute,55260.96
TXN-1486,2026-06-12,Credit,Dining,Restaurant,Client Lunch,-37.53,USD,Cleared,Merchant_44,BIZ-MEAL,Sales,55223.43
TXN-1487,2026-06-12,Credit,Travel,Uber,Airport Ride,-117.82,USD,Cleared,Merchant_10,BIZ-TRAV,Travel_Q1,55105.61
TXN-1488,2026-06-12,Checking,Healthcare,Pharmacy,Medical Supplies,-12.37,USD,Cleared,Merchant_1,MED-01,Wellness,55093.24
TXN-1489,2026-06-13,Checking,Dining,Restaurant,Client Lunch,-69.14,USD,Cleared,Merchant_28,BIZ-MEAL,Sales,55024.10
TXN-1490,2026-06-13,Credit,Travel,Uber,Airport Ride,-106.96,USD,Cleared,Merchant_27,BIZ-TRAV,Travel_Q1,54917.14
TXN-1491,2026-06-13,Checking,Lifestyle,Entertainment,Cinema/Streaming,-47.63,USD,Cleared,Merchant_25,ENT-01,Personal,54869.51
TXN-1492,2026-06-14,Credit,Healthcare,Pharmacy,Medical Supplies,-33.69,USD,Cleared,Merchant_41,MED-01,Wellness,54835.82
TXN-1493,2026-06-14,Checking,Business,Software,SaaS Subscription,-133.32,USD,Cleared,Merchant_20,BIZ-EXP,Project_Alpha,54702.50
TXN-1494,2026-06-14,Credit,Business,Software,SaaS Subscription,-24.58,USD,Cleared,Merchant_11,BIZ-EXP,Project_Alpha,54677.92
TXN-1495,2026-06-15,Checking,Travel,Uber,Airport Ride,-90.3,USD,Cleared,Merchant_47,BIZ-TRAV,Travel_Q1,54587.62
TXN-1496,2026-06-15,Credit,Dining,Restaurant,Client Lunch,-67.35,USD,Cleared,Merchant_35,BIZ-MEAL,Sales,54520.27
TXN-1497,2026-06-15,Checking,Business,Software,SaaS Subscription,-45.86,USD,Cleared,Merchant_11,BIZ-EXP,Project_Alpha,54474.41
TXN-1498,2026-06-16,Checking,Lifestyle,Entertainment,Cinema/Streaming,-37.4,USD,Cleared,Merchant_46,ENT-01,Personal,54437.01
TXN-1499,2026-06-16,Checking,Dining,Restaurant,Client Lunch,-106.9,USD,Cleared,Merchant_3,BIZ-MEAL,Sales,54330.11
TXN-1500,2026-06-16,Checking,Transport,Fuel,Gas Station,-18.55,USD,Cleared,Merchant_22,TRA-01,Commute,54311.56
TXN-1501,2026-06-17,Checking,Business,Software,SaaS Subscription,-112.91,USD,Cleared,Merchant_28,BIZ-EXP,Project_Alpha,54198.65
TXN-1502,2026-06-17,Checking,Dining,Restaurant,Client Lunch,-54.32,USD,Cleared,Merchant_48,BIZ-MEAL,Sales,54144.33
TXN-1503,2026-06-17,Credit,Food,Groceries,Weekly Shop,-74.74,USD,Cleared,Merchant_14,FOOD-01,Living,54069.59
TXN-1504,2026-06-18,Credit,Dining,Restaurant,Client Lunch,-43.33,USD,Cleared,Merchant_4,BIZ-MEAL,Sales,54026.26
TXN-1505,2026-06-18,Credit,Food,Groceries,Weekly Shop,-54.64,USD,Cleared,Merchant_16,FOOD-01,Living,53971.62
TXN-1506,2026-06-18,Checking,Transport,Fuel,Gas Station,-50.5,USD,Cleared,Merchant_49,TRA-01,Commute,53921.12
TXN-1507,2026-06-19,Checking,Lifestyle,Entertainment,Cinema/Streaming,-114.87,USD,Cleared,Merchant_22,ENT-01,Personal,53806.25
TXN-1508,2026-06-19,Checking,Travel,Uber,Airport Ride,-134.14,USD,Cleared,Merchant_2,BIZ-TRAV,Travel_Q1,53672.11
TXN-1509,2026-06-19,Credit,Lifestyle,Entertainment,Cinema/Streaming,-137.85,USD,Cleared,Merchant_14,ENT-01,Personal,53534.26
TXN-1510,2026-06-20,Checking,Income,Salary,Monthly Payroll,5500,USD,Cleared,Merchant_23,INC-01,Core,59034.26
TXN-1511,2026-06-20,Credit,Lifestyle,Entertainment,Cinema/Streaming,-34.21,USD,Cleared,Merchant_26,ENT-01,Personal,59000.05
TXN-1512,2026-06-20,Credit,Dining,Restaurant,Client Lunch,-114.69,USD,Cleared,Merchant_38,BIZ-MEAL,Sales,58885.36
TXN-1513,2026-06-21,Checking,Healthcare,Pharmacy,Medical Supplies,-139.8,USD,Cleared,Merchant_3,MED-01,Wellness,58745.56
TXN-1514,2026-06-21,Checking,Business,Software,SaaS Subscription,-33.79,USD,Cleared,Merchant_12,BIZ-EXP,Project_Alpha,58711.77
TXN-1515,2026-06-21,Credit,Business,Software,SaaS Subscription,-99.79,USD,Cleared,Merchant_14,BIZ-EXP,Project_Alpha,58611.98
TXN-1516,2026-06-22,Checking,Healthcare,Pharmacy,Medical Supplies,-34.18,USD,Cleared,Merchant_24,MED-01,Wellness,58577.80
TXN-1517,2026-06-22,Checking,Transport,Fuel,Gas Station,-81.24,USD,Cleared,Merchant_31,TRA-01,Commute,58496.56
TXN-1518,2026-06-22,Credit,Lifestyle,Entertainment,Cinema/Streaming,-21,USD,Cleared,Merchant_5,ENT-01,Personal,58475.56
TXN-1519,2026-06-23,Checking,Business,Software,SaaS Subscription,-42.87,USD,Cleared,Merchant_21,BIZ-EXP,Project_Alpha,58432.69
TXN-1520,2026-06-23,Checking,Lifestyle,Entertainment,Cinema/Streaming,-105.45,USD,Cleared,Merchant_48,ENT-01,Personal,58327.24
TXN-1521,2026-06-23,Credit,Business,Software,SaaS Subscription,-82.38,USD,Cleared,Merchant_43,BIZ-EXP,Project_Alpha,58244.86
TXN-1522,2026-06-24,Checking,Food,Groceries,Weekly Shop,-129.34,USD,Cleared,Merchant_8,FOOD-01,Living,58115.52
TXN-1523,2026-06-24,Credit,Travel,Uber,Airport Ride,-16.88,USD,Cleared,Merchant_45,BIZ-TRAV,Travel_Q1,58098.64
TXN-1524,2026-06-24,Credit,Transport,Fuel,Gas Station,-100.25,USD,Cleared,Merchant_21,TRA-01,Commute,57998.39
TXN-1525,2026-06-25,Checking,Dining,Restaurant,Client Lunch,-77.37,USD,Cleared,Merchant_21,BIZ-MEAL,Sales,57921.02
TXN-1526,2026-06-25,Checking,Transport,Fuel,Gas Station,-28.16,USD,Cleared,Merchant_25,TRA-01,Commute,57892.86
TXN-1527,2026-06-25,Checking,Business,Software,SaaS Subscription,-81.93,USD,Cleared,Merchant_46,BIZ-EXP,Project_Alpha,57810.93
TXN-1528,2026-06-26,Checking,Business,Software,SaaS Subscription,-140.87,USD,Cleared,Merchant_46,BIZ-EXP,Project_Alpha,57670.06
TXN-1529,2026-06-26,Credit,Food,Groceries,Weekly Shop,-138.45,USD,Cleared,Merchant_38,FOOD-01,Living,57531.61
TXN-1530,2026-06-26,Credit,Lifestyle,Entertainment,Cinema/Streaming,-29.78,USD,Cleared,Merchant_38,ENT-01,Personal,57501.83
TXN-1531,2026-06-27,Credit,Dining,Restaurant,Client Lunch,-68.23,USD,Cleared,Merchant_35,BIZ-MEAL,Sales,57433.60
TXN-1532,2026-06-27,Checking,Healthcare,Pharmacy,Medical Supplies,-34.76,USD,Cleared,Merchant_26,MED-01,Wellness,57398.84
TXN-1533,2026-06-27,Checking,Food,Groceries,Weekly Shop,-17.66,USD,Cleared,Merchant_49,FOOD-01,Living,57381.18
TXN-1534,2026-06-28,Checking,Healthcare,Pharmacy,Medical Supplies,-86.16,USD,Cleared,Merchant_43,MED-01,Wellness,57295.02
TXN-1535,2026-06-28,Checking,Dining,Restaurant,Client Lunch,-47.86,USD,Cleared,Merchant_31,BIZ-MEAL,Sales,57247.16
TXN-1536,2026-06-28,Checking,Dining,Restaurant,Client Lunch,-109.51,USD,Cleared,Merchant_46,BIZ-MEAL,Sales,57137.65
TXN-1537,2026-06-29,Checking,Dining,Restaurant,Client Lunch,-111.01,USD,Cleared,Merchant_25,BIZ-MEAL,Sales,57026.64
TXN-1538,2026-06-29,Checking,Business,Software,SaaS Subscription,-132.52,USD,Cleared,Merchant_14,BIZ-EXP,Project_Alpha,56894.12
TXN-1539,2026-06-29,Credit,Lifestyle,Entertainment,Cinema/Streaming,-107.17,USD,Cleared,Merchant_20,ENT-01,Personal,56786.95
TXN-1540,2026-06-30,Checking,Income,Salary,Monthly Payroll,5500,USD,Cleared,Merchant_24,INC-01,Core,62286.95
TXN-1541,2026-06-30,Credit,Food,Groceries,Weekly Shop,-23.07,USD,Cleared,Merchant_22,FOOD-01,Living,62263.88
TXN-1542,2026-06-30,Credit,Business,Software,SaaS Subscription,-95.27,USD,Cleared,Merchant_43,BIZ-EXP,Project_Alpha,62168.61
TXN-1543,2026-07-01,Checking,Healthcare,Pharmacy,Medical Supplies,-19.22,USD,Cleared,Merchant_14,MED-01,Wellness,62149.39
TXN-1544,2026-07-01,Credit,Travel,Uber,Airport Ride,-72.95,USD,Cleared,Merchant_2,BIZ-TRAV,Travel_Q1,62076.44
TXN-1545,2026-07-01,Checking,Lifestyle,Entertainment,Cinema/Streaming,-40.47,USD,Cleared,Merchant_0,ENT-01,Personal,62035.97
TXN-1546,2026-07-02,Credit,Transport,Fuel,Gas Station,-102.97,USD,Cleared,Merchant_16,TRA-01,Commute,61933.00
TXN-1547,2026-07-02,Credit,Travel,Uber,Airport Ride,-19.09,USD,Cleared,Merchant_30,BIZ-TRAV,Travel_Q1,61913.91
TXN-1548,2026-07-02,Checking,Dining,Restaurant,Client Lunch,-45.05,USD,Cleared,Merchant_2,BIZ-MEAL,Sales,61868.86
TXN-1549,2026-07-03,Checking,Business,Software,SaaS Subscription,-122.16,USD,Cleared,Merchant_16,BIZ-EXP,Project_Alpha,61746.70
TXN-1550,2026-07-03,Checking,Transport,Fuel,Gas Station,-56.11,USD,Cleared,Merchant_35,TRA-01,Commute,61690.59
TXN-1551,2026-07-03,Credit,Lifestyle,Entertainment,Cinema/Streaming,-68.94,USD,Cleared,Merchant_29,ENT-01,Personal,61621.65
TXN-1552,2026-07-04,Credit,Business,Software,SaaS Subscription,-123.18,USD,Cleared,Merchant_22,BIZ-EXP,Project_Alpha,61498.47
TXN-1553,2026-07-04,Checking,Food,Groceries,Weekly Shop,-17.21,USD,Cleared,Merchant_18,FOOD-01,Living,61481.26
TXN-1554,2026-07-04,Credit,Business,Software,SaaS Subscription,-110.5,USD,Cleared,Merchant_47,BIZ-EXP,Project_Alpha,61370.76
TXN-1555,2026-07-05,Checking,Business,Software,SaaS Subscription,-134.2,USD,Cleared,Merchant_40,BIZ-EXP,Project_Alpha,61236.56
TXN-1556,2026-07-05,Checking,Business,Software,SaaS Subscription,-113.6,USD,Cleared,Merchant_21,BIZ-EXP,Project_Alpha,61122.96
TXN-1557,2026-07-05,Credit,Lifestyle,Entertainment,Cinema/Streaming,-82.6,USD,Cleared,Merchant_44,ENT-01,Personal,61040.36
TXN-1558,2026-07-06,Credit,Transport,Fuel,Gas Station,-144.72,USD,Cleared,Merchant_47,TRA-01,Commute,60895.64
TXN-1559,2026-07-06,Checking,Transport,Fuel,Gas Station,-84.76,USD,Cleared,Merchant_7,TRA-01,Commute,60810.88
TXN-1560,2026-07-06,Checking,Travel,Uber,Airport Ride,-59.51,USD,Cleared,Merchant_17,BIZ-TRAV,Travel_Q1,60751.37
TXN-1561,2026-07-07,Checking,Dining,Restaurant,Client Lunch,-73.09,USD,Cleared,Merchant_20,BIZ-MEAL,Sales,60678.28
TXN-1562,2026-07-07,Checking,Business,Software,SaaS Subscription,-34.58,USD,Cleared,Merchant_48,BIZ-EXP,Project_Alpha,60643.70
TXN-1563,2026-07-07,Checking,Business,Software,SaaS Subscription,-54.26,USD,Cleared,Merchant_22,BIZ-EXP,Project_Alpha,60589.44
TXN-1564,2026-07-08,Credit,Dining,Restaurant,Client Lunch,-113.65,USD,Cleared,Merchant_39,BIZ-MEAL,Sales,60475.79
TXN-1565,2026-07-08,Credit,Business,Software,SaaS Subscription,-90.55,USD,Cleared,Merchant_26,BIZ-EXP,Project_Alpha,60385.24
TXN-1566,2026-07-08,Credit,Travel,Uber,Airport Ride,-84.23,USD,Cleared,Merchant_39,BIZ-TRAV,Travel_Q1,60301.01
TXN-1567,2026-07-09,Credit,Business,Software,SaaS Subscription,-133.44,USD,Cleared,Merchant_11,BIZ-EXP,Project_Alpha,60167.57
TXN-1568,2026-07-09,Credit,Healthcare,Pharmacy,Medical Supplies,-147.63,USD,Cleared,Merchant_15,MED-01,Wellness,60019.94
TXN-1569,2026-07-09,Checking,Transport,Fuel,Gas Station,-141.8,USD,Cleared,Merchant_0,TRA-01,Commute,59878.14
TXN-1570,2026-07-10,Checking,Income,Salary,Monthly Payroll,5500,USD,Cleared,Merchant_9,INC-01,Core,65378.14
TXN-1571,2026-07-10,Checking,Travel,Uber,Airport Ride,-19.75,USD,Cleared,Merchant_46,BIZ-TRAV,Travel_Q1,65358.39
TXN-1572,2026-07-10,Credit,Transport,Fuel,Gas Station,-128.17,USD,Cleared,Merchant_42,TRA-01,Commute,65230.22
TXN-1573,2026-07-11,Credit,Dining,Restaurant,Client Lunch,-18.82,USD,Cleared,Merchant_35,BIZ-MEAL,Sales,65211.40
TXN-1574,2026-07-11,Credit,Transport,Fuel,Gas Station,-98.15,USD,Cleared,Merchant_17,TRA-01,Commute,65113.25
TXN-1575,2026-07-11,Checking,Travel,Uber,Airport Ride,-38.01,USD,Cleared,Merchant_28,BIZ-TRAV,Travel_Q1,65075.24
TXN-1576,2026-07-12,Credit,Travel,Uber,Airport Ride,-145.43,USD,Cleared,Merchant_37,BIZ-TRAV,Travel_Q1,64929.81
TXN-1577,2026-07-12,Checking,Business,Software,SaaS Subscription,-24.38,USD,Cleared,Merchant_18,BIZ-EXP,Project_Alpha,64905.43
TXN-1578,2026-07-12,Credit,Lifestyle,Entertainment,Cinema/Streaming,-88.08,USD,Cleared,Merchant_0,ENT-01,Personal,64817.35
TXN-1579,2026-07-13,Credit,Healthcare,Pharmacy,Medical Supplies,-124.94,USD,Cleared,Merchant_6,MED-01,Wellness,64692.41
TXN-1580,2026-07-13,Credit,Dining,Restaurant,Client Lunch,-107.62,USD,Cleared,Merchant_20,BIZ-MEAL,Sales,64584.79
TXN-1581,2026-07-13,Checking,Business,Software,SaaS Subscription,-39.04,USD,Cleared,Merchant_23,BIZ-EXP,Project_Alpha,64545.75
TXN-1582,2026-07-14,Credit,Lifestyle,Entertainment,Cinema/Streaming,-30.59,USD,Cleared,Merchant_31,ENT-01,Personal,64515.16
TXN-1583,2026-07-14,Checking,Business,Software,SaaS Subscription,-56.14,USD,Cleared,Merchant_17,BIZ-EXP,Project_Alpha,64459.02
TXN-1584,2026-07-14,Checking,Transport,Fuel,Gas Station,-124.8,USD,Cleared,Merchant_27,TRA-01,Commute,64334.22
TXN-1585,2026-07-15,Credit,Transport,Fuel,Gas Station,-85.2,USD,Cleared,Merchant_3,TRA-01,Commute,64249.02
TXN-1586,2026-07-15,Credit,Lifestyle,Entertainment,Cinema/Streaming,-53.19,USD,Cleared,Merchant_32,ENT-01,Personal,64195.83
TXN-1587,2026-07-15,Checking,Transport,Fuel,Gas Station,-55.12,USD,Cleared,Merchant_32,TRA-01,Commute,64140.71
TXN-1588,2026-07-16,Checking,Lifestyle,Entertainment,Cinema/Streaming,-147.66,USD,Cleared,Merchant_28,ENT-01,Personal,63993.05
TXN-1589,2026-07-16,Checking,Dining,Restaurant,Client Lunch,-44.36,USD,Cleared,Merchant_0,BIZ-MEAL,Sales,63948.69
TXN-1590,2026-07-16,Checking,Transport,Fuel,Gas Station,-85.18,USD,Cleared,Merchant_49,TRA-01,Commute,63863.51
TXN-1591,2026-07-17,Credit,Transport,Fuel,Gas Station,-60.76,USD,Cleared,Merchant_4,TRA-01,Commute,63802.75
TXN-1592,2026-07-17,Checking,Business,Software,SaaS Subscription,-12.95,USD,Cleared,Merchant_47,BIZ-EXP,Project_Alpha,63789.80
TXN-1593,2026-07-17,Credit,Business,Software,SaaS Subscription,-129.72,USD,Cleared,Merchant_30,BIZ-EXP,Project_Alpha,63660.08
TXN-1594,2026-07-18,Checking,Lifestyle,Entertainment,Cinema/Streaming,-83.57,USD,Cleared,Merchant_14,ENT-01,Personal,63576.51
TXN-1595,2026-07-18,Checking,Travel,Uber,Airport Ride,-99.96,USD,Cleared,Merchant_20,BIZ-TRAV,Travel_Q1,63476.55
TXN-1596,2026-07-18,Credit,Business,Software,SaaS Subscription,-31.96,USD,Cleared,Merchant_15,BIZ-EXP,Project_Alpha,63444.59
TXN-1597,2026-07-19,Checking,Business,Software,SaaS Subscription,-109,USD,Cleared,Merchant_26,BIZ-EXP,Project_Alpha,63335.59
TXN-1598,2026-07-19,Credit,Healthcare,Pharmacy,Medical Supplies,-122.16,USD,Cleared,Merchant_28,MED-01,Wellness,63213.43
TXN-1599,2026-07-19,Checking,Food,Groceries,Weekly Shop,-38.11,USD,Cleared,Merchant_47,FOOD-01,Living,63175.32
TXN-1600,2026-07-20,Checking,Income,Salary,Monthly Payroll,5500,USD,Cleared,Merchant_40,INC-01,Core,68675.32
TXN-1601,2026-07-20,Checking,Transport,Fuel,Gas Station,-106.94,USD,Cleared,Merchant_37,TRA-01,Commute,68568.38
TXN-1602,2026-07-20,Checking,Dining,Restaurant,Client Lunch,-148.48,USD,Cleared,Merchant_45,BIZ-MEAL,Sales,68419.90
TXN-1603,2026-07-21,Checking,Transport,Fuel,Gas Station,-102.27,USD,Cleared,Merchant_16,TRA-01,Commute,68317.63
TXN-1604,2026-07-21,Checking,Lifestyle,Entertainment,Cinema/Streaming,-62.1,USD,Cleared,Merchant_30,ENT-01,Personal,68255.53
TXN-1605,2026-07-21,Checking,Business,Software,SaaS Subscription,-58.99,USD,Cleared,Merchant_17,BIZ-EXP,Project_Alpha,68196.54
TXN-1606,2026-07-22,Credit,Business,Software,SaaS Subscription,-91.6,USD,Cleared,Merchant_4,BIZ-EXP,Project_Alpha,68104.94
TXN-1607,2026-07-22,Checking,Business,Software,SaaS Subscription,-89.52,USD,Cleared,Merchant_39,BIZ-EXP,Project_Alpha,68015.42
TXN-1608,2026-07-22,Checking,Travel,Uber,Airport Ride,-27.4,USD,Cleared,Merchant_3,BIZ-TRAV,Travel_Q1,67988.02
TXN-1609,2026-07-23,Credit,Food,Groceries,Weekly Shop,-59.16,USD,Cleared,Merchant_11,FOOD-01,Living,67928.86
TXN-1610,2026-07-23,Checking,Dining,Restaurant,Client Lunch,-91.75,USD,Cleared,Merchant_39,BIZ-MEAL,Sales,67837.11
TXN-1611,2026-07-23,Checking,Business,Software,SaaS Subscription,-26.34,USD,Cleared,Merchant_40,BIZ-EXP,Project_Alpha,67810.77
TXN-1612,2026-07-24,Credit,Healthcare,Pharmacy,Medical Supplies,-83.65,USD,Cleared,Merchant_42,MED-01,Wellness,67727.12
TXN-1613,2026-07-24,Checking,Lifestyle,Entertainment,Cinema/Streaming,-112.83,USD,Cleared,Merchant_48,ENT-01,Personal,67614.29
TXN-1614,2026-07-24,Credit,Dining,Restaurant,Client Lunch,-17.67,USD,Cleared,Merchant_6,BIZ-MEAL,Sales,67596.62
TXN-1615,2026-07-25,Checking,Transport,Fuel,Gas Station,-88.87,USD,Cleared,Merchant_4,TRA-01,Commute,67507.75
TXN-1616,2026-07-25,Checking,Lifestyle,Entertainment,Cinema/Streaming,-94.66,USD,Cleared,Merchant_35,ENT-01,Personal,67413.09
TXN-1617,2026-07-25,Credit,Business,Software,SaaS Subscription,-85.06,USD,Cleared,Merchant_38,BIZ-EXP,Project_Alpha,67328.03
TXN-1618,2026-07-26,Credit,Business,Software,SaaS Subscription,-119.78,USD,Cleared,Merchant_29,BIZ-EXP,Project_Alpha,67208.25
TXN-1619,2026-07-26,Checking,Travel,Uber,Airport Ride,-104.51,USD,Cleared,Merchant_33,BIZ-TRAV,Travel_Q1,67103.74
TXN-1620,2026-07-26,Credit,Dining,Restaurant,Client Lunch,-128.82,USD,Cleared,Merchant_22,BIZ-MEAL,Sales,66974.92
TXN-1621,2026-07-27,Checking,Dining,Restaurant,Client Lunch,-42.86,USD,Cleared,Merchant_26,BIZ-MEAL,Sales,66932.06
TXN-1622,2026-07-27,Checking,Lifestyle,Entertainment,Cinema/Streaming,-121.88,USD,Cleared,Merchant_6,ENT-01,Personal,66810.18
TXN-1623,2026-07-27,Credit,Food,Groceries,Weekly Shop,-57.58,USD,Cleared,Merchant_40,FOOD-01,Living,66752.60
TXN-1624,2026-07-28,Credit,Business,Software,SaaS Subscription,-138.96,USD,Cleared,Merchant_18,BIZ-EXP,Project_Alpha,66613.64
TXN-1625,2026-07-28,Checking,Food,Groceries,Weekly Shop,-25.58,USD,Cleared,Merchant_39,FOOD-01,Living,66588.06
TXN-1626,2026-07-28,Checking,Dining,Restaurant,Client Lunch,-30.25,USD,Cleared,Merchant_33,BIZ-MEAL,Sales,66557.81
TXN-1627,2026-07-29,Credit,Lifestyle,Entertainment,Cinema/Streaming,-22.77,USD,Cleared,Merchant_1,ENT-01,Personal,66535.04
TXN-1628,2026-07-29,Checking,Healthcare,Pharmacy,Medical Supplies,-70.25,USD,Cleared,Merchant_28,MED-01,Wellness,66464.79
TXN-1629,2026-07-29,Credit,Food,Groceries,Weekly Shop,-71.44,USD,Cleared,Merchant_35,FOOD-01,Living,66393.35
TXN-1630,2026-07-30,Checking,Income,Salary,Monthly Payroll,5500,USD,Cleared,Merchant_42,INC-01,Core,71893.35
TXN-1631,2026-07-30,Credit,Food,Groceries,Weekly Shop,-108.65,USD,Cleared,Merchant_9,FOOD-01,Living,71784.70
TXN-1632,2026-07-30,Credit,Dining,Restaurant,Client Lunch,-45.07,USD,Cleared,Merchant_39,BIZ-MEAL,Sales,71739.63
TXN-1633,2026-07-31,Credit,Food,Groceries,Weekly Shop,-135.5,USD,Cleared,Merchant_6,FOOD-01,Living,71604.13
TXN-1634,2026-07-31,Credit,Transport,Fuel,Gas Station,-148,USD,Cleared,Merchant_4,TRA-01,Commute,71456.13
TXN-1635,2026-07-31,Checking,Healthcare,Pharmacy,Medical Supplies,-85.62,USD,Cleared,Merchant_46,MED-01,Wellness,71370.51
TXN-1636,2026-08-01,Credit,Healthcare,Pharmacy,Medical Supplies,-127.17,USD,Cleared,Merchant_36,MED-01,Wellness,71243.34
TXN-1637,2026-08-01,Credit,Transport,Fuel,Gas Station,-81.88,USD,Cleared,Merchant_35,TRA-01,Commute,71161.46
TXN-1638,2026-08-01,Checking,Business,Software,SaaS Subscription,-15.99,USD,Cleared,Merchant_3,BIZ-EXP,Project_Alpha,71145.47
TXN-1639,2026-08-02,Checking,Dining,Restaurant,Client Lunch,-27.72,USD,Cleared,Merchant_9,BIZ-MEAL,Sales,71117.75
TXN-1640,2026-08-02,Credit,Travel,Uber,Airport Ride,-83.69,USD,Cleared,Merchant_13,BIZ-TRAV,Travel_Q1,71034.06
TXN-1641,2026-08-02,Checking,Transport,Fuel,Gas Station,-139.88,USD,Cleared,Merchant_34,TRA-01,Commute,70894.18
TXN-1642,2026-08-03,Checking,Dining,Restaurant,Client Lunch,-147.65,USD,Cleared,Merchant_49,BIZ-MEAL,Sales,70746.53
TXN-1643,2026-08-03,Checking,Business,Software,SaaS Subscription,-131.55,USD,Cleared,Merchant_33,BIZ-EXP,Project_Alpha,70614.98
TXN-1644,2026-08-03,Credit,Transport,Fuel,Gas Station,-120.38,USD,Cleared,Merchant_41,TRA-01,Commute,70494.60
TXN-1645,2026-08-04,Checking,Business,Software,SaaS Subscription,-65.02,USD,Cleared,Merchant_12,BIZ-EXP,Project_Alpha,70429.58
TXN-1646,2026-08-04,Credit,Dining,Restaurant,Client Lunch,-95.78,USD,Cleared,Merchant_5,BIZ-MEAL,Sales,70333.80
TXN-1647,2026-08-04,Checking,Food,Groceries,Weekly Shop,-89.34,USD,Cleared,Merchant_11,FOOD-01,Living,70244.46
TXN-1648,2026-08-05,Checking,Transport,Fuel,Gas Station,-30.45,USD,Cleared,Merchant_30,TRA-01,Commute,70214.01
TXN-1649,2026-08-05,Credit,Food,Groceries,Weekly Shop,-147.03,USD,Cleared,Merchant_24,FOOD-01,Living,70066.98
TXN-1650,2026-08-05,Checking,Lifestyle,Entertainment,Cinema/Streaming,-120.8,USD,Cleared,Merchant_11,ENT-01,Personal,69946.18
TXN-1651,2026-08-06,Checking,Dining,Restaurant,Client Lunch,-23.95,USD,Cleared,Merchant_4,BIZ-MEAL,Sales,69922.23
TXN-1652,2026-08-06,Credit,Transport,Fuel,Gas Station,-55.5,USD,Cleared,Merchant_21,TRA-01,Commute,69866.73
TXN-1653,2026-08-06,Checking,Lifestyle,Entertainment,Cinema/Streaming,-27.8,USD,Cleared,Merchant_27,ENT-01,Personal,69838.93
TXN-1654,2026-08-07,Credit,Food,Groceries,Weekly Shop,-117.14,USD,Cleared,Merchant_11,FOOD-01,Living,69721.79
TXN-1655,2026-08-07,Checking,Business,Software,SaaS Subscription,-64.92,USD,Cleared,Merchant_22,BIZ-EXP,Project_Alpha,69656.87
TXN-1656,2026-08-07,Checking,Business,Software,SaaS Subscription,-117.27,USD,Cleared,Merchant_35,BIZ-EXP,Project_Alpha,69539.60
TXN-1657,2026-08-08,Credit,Healthcare,Pharmacy,Medical Supplies,-141.36,USD,Cleared,Merchant_43,MED-01,Wellness,69398.24
TXN-1658,2026-08-08,Checking,Dining,Restaurant,Client Lunch,-97.89,USD,Cleared,Merchant_36,BIZ-MEAL,Sales,69300.35
TXN-1659,2026-08-08,Credit,Lifestyle,Entertainment,Cinema/Streaming,-50.55,USD,Cleared,Merchant_4,ENT-01,Personal,69249.80
TXN-1660,2026-08-09,Checking,Income,Salary,Monthly Payroll,5500,USD,Cleared,Merchant_30,INC-01,Core,74749.80
TXN-1661,2026-08-09,Credit,Lifestyle,Entertainment,Cinema/Streaming,-30.68,USD,Cleared,Merchant_34,ENT-01,Personal,74719.12
TXN-1662,2026-08-09,Credit,Transport,Fuel,Gas Station,-15.6,USD,Cleared,Merchant_6,TRA-01,Commute,74703.52
TXN-1663,2026-08-10,Credit,Healthcare,Pharmacy,Medical Supplies,-97.3,USD,Cleared,Merchant_9,MED-01,Wellness,74606.22
TXN-1664,2026-08-10,Credit,Healthcare,Pharmacy,Medical Supplies,-17,USD,Cleared,Merchant_48,MED-01,Wellness,74589.22
TXN-1665,2026-08-10,Checking,Lifestyle,Entertainment,Cinema/Streaming,-44.32,USD,Cleared,Merchant_36,ENT-01,Personal,74544.90
TXN-1666,2026-08-11,Checking,Transport,Fuel,Gas Station,-147.3,USD,Cleared,Merchant_18,TRA-01,Commute,74397.60
TXN-1667,2026-08-11,Checking,Healthcare,Pharmacy,Medical Supplies,-13.1,USD,Cleared,Merchant_0,MED-01,Wellness,74384.50
TXN-1668,2026-08-11,Checking,Dining,Restaurant,Client Lunch,-109.71,USD,Cleared,Merchant_30,BIZ-MEAL,Sales,74274.79
TXN-1669,2026-08-12,Credit,Food,Groceries,Weekly Shop,-56.6,USD,Cleared,Merchant_26,FOOD-01,Living,74218.19
TXN-1670,2026-08-12,Checking,Food,Groceries,Weekly Shop,-126.13,USD,Cleared,Merchant_31,FOOD-01,Living,74092.06
TXN-1671,2026-08-12,Credit,Lifestyle,Entertainment,Cinema/Streaming,-48.77,USD,Cleared,Merchant_37,ENT-01,Personal,74043.29
TXN-1672,2026-08-13,Credit,Lifestyle,Entertainment,Cinema/Streaming,-15,USD,Cleared,Merchant_15,ENT-01,Personal,74028.29
TXN-1673,2026-08-13,Checking,Business,Software,SaaS Subscription,-134.3,USD,Cleared,Merchant_18,BIZ-EXP,Project_Alpha,73893.99
TXN-1674,2026-08-13,Checking,Dining,Restaurant,Client Lunch,-119.85,USD,Cleared,Merchant_41,BIZ-MEAL,Sales,73774.14
TXN-1675,2026-08-14,Checking,Healthcare,Pharmacy,Medical Supplies,-105.71,USD,Cleared,Merchant_22,MED-01,Wellness,73668.43
TXN-1676,2026-08-14,Credit,Business,Software,SaaS Subscription,-18.8,USD,Cleared,Merchant_45,BIZ-EXP,Project_Alpha,73649.63
TXN-1677,2026-08-14,Credit,Food,Groceries,Weekly Shop,-58.9,USD,Cleared,Merchant_29,FOOD-01,Living,73590.73
TXN-1678,2026-08-15,Credit,Food,Groceries,Weekly Shop,-62.52,USD,Cleared,Merchant_27,FOOD-01,Living,73528.21
TXN-1679,2026-08-15,Credit,Food,Groceries,Weekly Shop,-141.78,USD,Cleared,Merchant_9,FOOD-01,Living,73386.43
TXN-1680,2026-08-15,Checking,Dining,Restaurant,Client Lunch,-56.62,USD,Cleared,Merchant_19,BIZ-MEAL,Sales,73329.81
TXN-1681,2026-08-16,Credit,Travel,Uber,Airport Ride,-137.73,USD,Cleared,Merchant_48,BIZ-TRAV,Travel_Q1,73192.08
TXN-1682,2026-08-16,Credit,Lifestyle,Entertainment,Cinema/Streaming,-56.31,USD,Cleared,Merchant_27,ENT-01,Personal,73135.77
TXN-1683,2026-08-16,Checking,Lifestyle,Entertainment,Cinema/Streaming,-86.83,USD,Cleared,Merchant_38,ENT-01,Personal,73048.94
TXN-1684,2026-08-17,Checking,Travel,Uber,Airport Ride,-70.53,USD,Cleared,Merchant_2,BIZ-TRAV,Travel_Q1,72978.41
TXN-1685,2026-08-17,Credit,Healthcare,Pharmacy,Medical Supplies,-110.61,USD,Cleared,Merchant_1,MED-01,Wellness,72867.80
TXN-1686,2026-08-17,Credit,Lifestyle,Entertainment,Cinema/Streaming,-97.22,USD,Cleared,Merchant_22,ENT-01,Personal,72770.58
TXN-1687,2026-08-18,Checking,Business,Software,SaaS Subscription,-142.48,USD,Cleared,Merchant_18,BIZ-EXP,Project_Alpha,72628.10
TXN-1688,2026-08-18,Credit,Transport,Fuel,Gas Station,-85.18,USD,Cleared,Merchant_35,TRA-01,Commute,72542.92
TXN-1689,2026-08-18,Checking,Lifestyle,Entertainment,Cinema/Streaming,-78.51,USD,Cleared,Merchant_8,ENT-01,Personal,72464.41
TXN-1690,2026-08-19,Checking,Income,Salary,Monthly Payroll,5500,USD,Cleared,Merchant_44,INC-01,Core,77964.41
TXN-1691,2026-08-19,Checking,Lifestyle,Entertainment,Cinema/Streaming,-63.44,USD,Cleared,Merchant_19,ENT-01,Personal,77900.97
TXN-1692,2026-08-19,Credit,Food,Groceries,Weekly Shop,-122,USD,Cleared,Merchant_4,FOOD-01,Living,77778.97
TXN-1693,2026-08-20,Credit,Lifestyle,Entertainment,Cinema/Streaming,-95.97,USD,Cleared,Merchant_10,ENT-01,Personal,77683.00
TXN-1694,2026-08-20,Checking,Healthcare,Pharmacy,Medical Supplies,-29.29,USD,Cleared,Merchant_49,MED-01,Wellness,77653.71
TXN-1695,2026-08-20,Checking,Travel,Uber,Airport Ride,-72.44,USD,Cleared,Merchant_36,BIZ-TRAV,Travel_Q1,77581.27
TXN-1696,2026-08-21,Checking,Dining,Restaurant,Client Lunch,-104.08,USD,Cleared,Merchant_21,BIZ-MEAL,Sales,77477.19
TXN-1697,2026-08-21,Credit,Dining,Restaurant,Client Lunch,-18.98,USD,Cleared,Merchant_5,BIZ-MEAL,Sales,77458.21
TXN-1698,2026-08-21,Credit,Transport,Fuel,Gas Station,-13.46,USD,Cleared,Merchant_40,TRA-01,Commute,77444.75
TXN-1699,2026-08-22,Credit,Business,Software,SaaS Subscription,-24.34,USD,Cleared,Merchant_17,BIZ-EXP,Project_Alpha,77420.41
TXN-1700,2026-08-22,Checking,Dining,Restaurant,Client Lunch,-25.35,USD,Cleared,Merchant_41,BIZ-MEAL,Sales,77395.06
TXN-1701,2026-08-22,Checking,Dining,Restaurant,Client Lunch,-11.94,USD,Cleared,Merchant_28,BIZ-MEAL,Sales,77383.12
TXN-1702,2026-08-23,Credit,Transport,Fuel,Gas Station,-36.87,USD,Cleared,Merchant_34,TRA-01,Commute,77346.25
TXN-1703,2026-08-23,Checking,Dining,Restaurant,Client Lunch,-88.33,USD,Cleared,Merchant_33,BIZ-MEAL,Sales,77257.92
TXN-1704,2026-08-23,Credit,Lifestyle,Entertainment,Cinema/Streaming,-120.63,USD,Cleared,Merchant_34,ENT-01,Personal,77137.29
TXN-1705,2026-08-24,Checking,Food,Groceries,Weekly Shop,-76.36,USD,Cleared,Merchant_27,FOOD-01,Living,77060.93
TXN-1706,2026-08-24,Credit,Travel,Uber,Airport Ride,-18.49,USD,Cleared,Merchant_25,BIZ-TRAV,Travel_Q1,77042.44
TXN-1707,2026-08-24,Checking,Food,Groceries,Weekly Shop,-94.33,USD,Cleared,Merchant_36,FOOD-01,Living,76948.11
TXN-1708,2026-08-25,Checking,Transport,Fuel,Gas Station,-54.09,USD,Cleared,Merchant_37,TRA-01,Commute,76894.02
TXN-1709,2026-08-25,Credit,Transport,Fuel,Gas Station,-82.31,USD,Cleared,Merchant_44,TRA-01,Commute,76811.71
TXN-1710,2026-08-25,Credit,Travel,Uber,Airport Ride,-47.91,USD,Cleared,Merchant_27,BIZ-TRAV,Travel_Q1,76763.80
TXN-1711,2026-08-26,Checking,Healthcare,Pharmacy,Medical Supplies,-62.16,USD,Cleared,Merchant_0,MED-01,Wellness,76701.64
TXN-1712,2026-08-26,Checking,Business,Software,SaaS Subscription,-40.74,USD,Cleared,Merchant_13,BIZ-EXP,Project_Alpha,76660.90
TXN-1713,2026-08-26,Checking,Travel,Uber,Airport Ride,-74.84,USD,Cleared,Merchant_23,BIZ-TRAV,Travel_Q1,76586.06
TXN-1714,2026-08-27,Checking,Food,Groceries,Weekly Shop,-102.03,USD,Cleared,Merchant_34,FOOD-01,Living,76484.03
TXN-1715,2026-08-27,Checking,Business,Software,SaaS Subscription,-88.1,USD,Cleared,Merchant_0,BIZ-EXP,Project_Alpha,76395.93
TXN-1716,2026-08-27,Checking,Travel,Uber,Airport Ride,-77.66,USD,Cleared,Merchant_18,BIZ-TRAV,Travel_Q1,76318.27
TXN-1717,2026-08-28,Checking,Business,Software,SaaS Subscription,-43.99,USD,Cleared,Merchant_1,BIZ-EXP,Project_Alpha,76274.28
TXN-1718,2026-08-28,Checking,Food,Groceries,Weekly Shop,-28.3,USD,Cleared,Merchant_2,FOOD-01,Living,76245.98
TXN-1719,2026-08-28,Credit,Business,Software,SaaS Subscription,-138.92,USD,Cleared,Merchant_17,BIZ-EXP,Project_Alpha,76107.06
TXN-1720,2026-08-29,Checking,Income,Salary,Monthly Payroll,5500,USD,Cleared,Merchant_13,INC-01,Core,81607.06
TXN-1721,2026-08-29,Credit,Food,Groceries,Weekly Shop,-49.03,USD,Cleared,Merchant_47,FOOD-01,Living,81558.03
TXN-1722,2026-08-29,Credit,Food,Groceries,Weekly Shop,-120,USD,Cleared,Merchant_13,FOOD-01,Living,81438.03
TXN-1723,2026-08-30,Checking,Food,Groceries,Weekly Shop,-112.89,USD,Cleared,Merchant_15,FOOD-01,Living,81325.14
TXN-1724,2026-08-30,Credit,Travel,Uber,Airport Ride,-132.48,USD,Cleared,Merchant_43,BIZ-TRAV,Travel_Q1,81192.66
TXN-1725,2026-08-30,Checking,Food,Groceries,Weekly Shop,-50.37,USD,Cleared,Merchant_33,FOOD-01,Living,81142.29
TXN-1726,2026-08-31,Checking,Healthcare,Pharmacy,Medical Supplies,-108.98,USD,Cleared,Merchant_34,MED-01,Wellness,81033.31
TXN-1727,2026-08-31,Credit,Healthcare,Pharmacy,Medical Supplies,-22.11,USD,Cleared,Merchant_13,MED-01,Wellness,81011.20
TXN-1728,2026-08-31,Credit,Food,Groceries,Weekly Shop,-94.25,USD,Cleared,Merchant_35,FOOD-01,Living,80916.95
TXN-1729,2026-09-01,Credit,Business,Software,SaaS Subscription,-41.26,USD,Cleared,Merchant_20,BIZ-EXP,Project_Alpha,80875.69
TXN-1730,2026-09-01,Credit,Business,Software,SaaS Subscription,-140.78,USD,Cleared,Merchant_27,BIZ-EXP,Project_Alpha,80734.91
TXN-1731,2026-09-01,Checking,Business,Software,SaaS Subscription,-142.32,USD,Cleared,Merchant_46,BIZ-EXP,Project_Alpha,80592.59
TXN-1732,2026-09-02,Checking,Lifestyle,Entertainment,Cinema/Streaming,-99.48,USD,Cleared,Merchant_3,ENT-01,Personal,80493.11
TXN-1733,2026-09-02,Credit,Business,Software,SaaS Subscription,-47.75,USD,Cleared,Merchant_39,BIZ-EXP,Project_Alpha,80445.36
TXN-1734,2026-09-02,Checking,Travel,Uber,Airport Ride,-134.11,USD,Cleared,Merchant_32,BIZ-TRAV,Travel_Q1,80311.25
TXN-1735,2026-09-03,Checking,Food,Groceries,Weekly Shop,-89.81,USD,Cleared,Merchant_13,FOOD-01,Living,80221.44
TXN-1736,2026-09-03,Checking,Food,Groceries,Weekly Shop,-116.54,USD,Cleared,Merchant_11,FOOD-01,Living,80104.90
TXN-1737,2026-09-03,Credit,Travel,Uber,Airport Ride,-85.22,USD,Cleared,Merchant_48,BIZ-TRAV,Travel_Q1,80019.68
TXN-1738,2026-09-04,Credit,Food,Groceries,Weekly Shop,-34.06,USD,Cleared,Merchant_31,FOOD-01,Living,79985.62
TXN-1739,2026-09-04,Checking,Business,Software,SaaS Subscription,-31.25,USD,Cleared,Merchant_29,BIZ-EXP,Project_Alpha,79954.37
TXN-1740,2026-09-04,Credit,Healthcare,Pharmacy,Medical Supplies,-114.96,USD,Cleared,Merchant_28,MED-01,Wellness,79839.41
TXN-1741,2026-09-05,Credit,Travel,Uber,Airport Ride,-23.55,USD,Cleared,Merchant_8,BIZ-TRAV,Travel_Q1,79815.86
TXN-1742,2026-09-05,Checking,Dining,Restaurant,Client Lunch,-46.87,USD,Cleared,Merchant_39,BIZ-MEAL,Sales,79768.99
TXN-1743,2026-09-05,Checking,Business,Software,SaaS Subscription,-100.47,USD,Cleared,Merchant_5,BIZ-EXP,Project_Alpha,79668.52
TXN-1744,2026-09-06,Credit,Dining,Restaurant,Client Lunch,-15.03,USD,Cleared,Merchant_2,BIZ-MEAL,Sales,79653.49
TXN-1745,2026-09-06,Credit,Lifestyle,Entertainment,Cinema/Streaming,-97.43,USD,Cleared,Merchant_37,ENT-01,Personal,79556.06
TXN-1746,2026-09-06,Checking,Food,Groceries,Weekly Shop,-115.72,USD,Cleared,Merchant_29,FOOD-01,Living,79440.34
TXN-1747,2026-09-07,Checking,Food,Groceries,Weekly Shop,-107.85,USD,Cleared,Merchant_9,FOOD-01,Living,79332.49
TXN-1748,2026-09-07,Credit,Lifestyle,Entertainment,Cinema/Streaming,-15.1,USD,Cleared,Merchant_14,ENT-01,Personal,79317.39
TXN-1749,2026-09-07,Checking,Food,Groceries,Weekly Shop,-18.21,USD,Cleared,Merchant_37,FOOD-01,Living,79299.18
TXN-1750,2026-09-08,Checking,Income,Salary,Monthly Payroll,5500,USD,Cleared,Merchant_31,INC-01,Core,84799.18
TXN-1751,2026-09-08,Credit,Travel,Uber,Airport Ride,-46.39,USD,Cleared,Merchant_20,BIZ-TRAV,Travel_Q1,84752.79
TXN-1752,2026-09-08,Checking,Food,Groceries,Weekly Shop,-89.29,USD,Cleared,Merchant_44,FOOD-01,Living,84663.50
TXN-1753,2026-09-09,Checking,Healthcare,Pharmacy,Medical Supplies,-76.97,USD,Cleared,Merchant_38,MED-01,Wellness,84586.53
TXN-1754,2026-09-09,Checking,Dining,Restaurant,Client Lunch,-144.55,USD,Cleared,Merchant_7,BIZ-MEAL,Sales,84441.98
TXN-1755,2026-09-09,Credit,Travel,Uber,Airport Ride,-34.58,USD,Cleared,Merchant_18,BIZ-TRAV,Travel_Q1,84407.40
TXN-1756,2026-09-10,Checking,Food,Groceries,Weekly Shop,-102.84,USD,Cleared,Merchant_2,FOOD-01,Living,84304.56
TXN-1757,2026-09-10,Checking,Dining,Restaurant,Client Lunch,-45.87,USD,Cleared,Merchant_9,BIZ-MEAL,Sales,84258.69
TXN-1758,2026-09-10,Credit,Dining,Restaurant,Client Lunch,-37.95,USD,Cleared,Merchant_29,BIZ-MEAL,Sales,84220.74
TXN-1759,2026-09-11,Checking,Business,Software,SaaS Subscription,-52.58,USD,Cleared,Merchant_24,BIZ-EXP,Project_Alpha,84168.16
TXN-1760,2026-09-11,Checking,Travel,Uber,Airport Ride,-12.29,USD,Cleared,Merchant_41,BIZ-TRAV,Travel_Q1,84155.87
TXN-1761,2026-09-11,Credit,Healthcare,Pharmacy,Medical Supplies,-113.64,USD,Cleared,Merchant_13,MED-01,Wellness,84042.23
TXN-1762,2026-09-12,Checking,Food,Groceries,Weekly Shop,-148.15,USD,Cleared,Merchant_24,FOOD-01,Living,83894.08
TXN-1763,2026-09-12,Checking,Dining,Restaurant,Client Lunch,-140.29,USD,Cleared,Merchant_8,BIZ-MEAL,Sales,83753.79
TXN-1764,2026-09-12,Credit,Business,Software,SaaS Subscription,-39.05,USD,Cleared,Merchant_28,BIZ-EXP,Project_Alpha,83714.74
TXN-1765,2026-09-13,Credit,Travel,Uber,Airport Ride,-14.79,USD,Cleared,Merchant_1,BIZ-TRAV,Travel_Q1,83699.95
TXN-1766,2026-09-13,Checking,Healthcare,Pharmacy,Medical Supplies,-100.52,USD,Cleared,Merchant_14,MED-01,Wellness,83599.43
TXN-1767,2026-09-13,Credit,Dining,Restaurant,Client Lunch,-63.77,USD,Cleared,Merchant_37,BIZ-MEAL,Sales,83535.66
TXN-1768,2026-09-14,Credit,Dining,Restaurant,Client Lunch,-136.44,USD,Cleared,Merchant_36,BIZ-MEAL,Sales,83399.22
TXN-1769,2026-09-14,Credit,Travel,Uber,Airport Ride,-94.23,USD,Cleared,Merchant_8,BIZ-TRAV,Travel_Q1,83304.99
TXN-1770,2026-09-14,Checking,Food,Groceries,Weekly Shop,-24.85,USD,Cleared,Merchant_19,FOOD-01,Living,83280.14
TXN-1771,2026-09-15,Credit,Travel,Uber,Airport Ride,-88.33,USD,Cleared,Merchant_23,BIZ-TRAV,Travel_Q1,83191.81
TXN-1772,2026-09-15,Credit,Transport,Fuel,Gas Station,-50.31,USD,Cleared,Merchant_3,TRA-01,Commute,83141.50
TXN-1773,2026-09-15,Credit,Healthcare,Pharmacy,Medical Supplies,-123.13,USD,Cleared,Merchant_37,MED-01,Wellness,83018.37
TXN-1774,2026-09-16,Checking,Food,Groceries,Weekly Shop,-69.14,USD,Cleared,Merchant_44,FOOD-01,Living,82949.23
TXN-1775,2026-09-16,Checking,Business,Software,SaaS Subscription,-114.3,USD,Cleared,Merchant_37,BIZ-EXP,Project_Alpha,82834.93
TXN-1776,2026-09-16,Checking,Transport,Fuel,Gas Station,-11.38,USD,Cleared,Merchant_2,TRA-01,Commute,82823.55
TXN-1777,2026-09-17,Checking,Travel,Uber,Airport Ride,-141.81,USD,Cleared,Merchant_17,BIZ-TRAV,Travel_Q1,82681.74
TXN-1778,2026-09-17,Credit,Lifestyle,Entertainment,Cinema/Streaming,-127.88,USD,Cleared,Merchant_9,ENT-01,Personal,82553.86
TXN-1779,2026-09-17,Credit,Transport,Fuel,Gas Station,-108.01,USD,Cleared,Merchant_19,TRA-01,Commute,82445.85
TXN-1780,2026-09-18,Checking,Income,Salary,Monthly Payroll,5500,USD,Cleared,Merchant_31,INC-01,Core,87945.85
TXN-1781,2026-09-18,Credit,Dining,Restaurant,Client Lunch,-67.48,USD,Cleared,Merchant_34,BIZ-MEAL,Sales,87878.37
TXN-1782,2026-09-18,Credit,Food,Groceries,Weekly Shop,-115.74,USD,Cleared,Merchant_4,FOOD-01,Living,87762.63
TXN-1783,2026-09-19,Checking,Travel,Uber,Airport Ride,-22.18,USD,Cleared,Merchant_42,BIZ-TRAV,Travel_Q1,87740.45
TXN-1784,2026-09-19,Checking,Dining,Restaurant,Client Lunch,-45.14,USD,Cleared,Merchant_45,BIZ-MEAL,Sales,87695.31
TXN-1785,2026-09-19,Credit,Transport,Fuel,Gas Station,-123.45,USD,Cleared,Merchant_46,TRA-01,Commute,87571.86
TXN-1786,2026-09-20,Credit,Healthcare,Pharmacy,Medical Supplies,-115,USD,Cleared,Merchant_40,MED-01,Wellness,87456.86
TXN-1787,2026-09-20,Checking,Lifestyle,Entertainment,Cinema/Streaming,-56.11,USD,Cleared,Merchant_44,ENT-01,Personal,87400.75
TXN-1788,2026-09-20,Credit,Business,Software,SaaS Subscription,-11.08,USD,Cleared,Merchant_12,BIZ-EXP,Project_Alpha,87389.67
TXN-1789,2026-09-21,Checking,Healthcare,Pharmacy,Medical Supplies,-118.87,USD,Cleared,Merchant_28,MED-01,Wellness,87270.80
TXN-1790,2026-09-21,Checking,Transport,Fuel,Gas Station,-29.87,USD,Cleared,Merchant_36,TRA-01,Commute,87240.93
TXN-1791,2026-09-21,Credit,Food,Groceries,Weekly Shop,-25.86,USD,Cleared,Merchant_12,FOOD-01,Living,87215.07
TXN-1792,2026-09-22,Checking,Healthcare,Pharmacy,Medical Supplies,-138.02,USD,Cleared,Merchant_9,MED-01,Wellness,87077.05
TXN-1793,2026-09-22,Checking,Business,Software,SaaS Subscription,-52.86,USD,Cleared,Merchant_48,BIZ-EXP,Project_Alpha,87024.19
TXN-1794,2026-09-22,Checking,Business,Software,SaaS Subscription,-84.1,USD,Cleared,Merchant_33,BIZ-EXP,Project_Alpha,86940.09
TXN-1795,2026-09-23,Checking,Lifestyle,Entertainment,Cinema/Streaming,-60.42,USD,Cleared,Merchant_2,ENT-01,Personal,86879.67
TXN-1796,2026-09-23,Checking,Business,Software,SaaS Subscription,-30.17,USD,Cleared,Merchant_5,BIZ-EXP,Project_Alpha,86849.50
TXN-1797,2026-09-23,Credit,Business,Software,SaaS Subscription,-72.11,USD,Cleared,Merchant_22,BIZ-EXP,Project_Alpha,86777.39
TXN-1798,2026-09-24,Checking,Dining,Restaurant,Client Lunch,-148.01,USD,Cleared,Merchant_19,BIZ-MEAL,Sales,86629.38
TXN-1799,2026-09-24,Credit,Business,Software,SaaS Subscription,-126.9,USD,Cleared,Merchant_7,BIZ-EXP,Project_Alpha,86502.48
TXN-1800,2026-09-24,Checking,Food,Groceries,Weekly Shop,-87.56,USD,Cleared,Merchant_33,FOOD-01,Living,86414.92
TXN-1801,2026-09-25,Checking,Lifestyle,Entertainment,Cinema/Streaming,-136.47,USD,Cleared,Merchant_24,ENT-01,Personal,86278.45
TXN-1802,2026-09-25,Checking,Food,Groceries,Weekly Shop,-95.46,USD,Cleared,Merchant_17,FOOD-01,Living,86182.99
TXN-1803,2026-09-25,Credit,Lifestyle,Entertainment,Cinema/Streaming,-23.45,USD,Cleared,Merchant_23,ENT-01,Personal,86159.54
TXN-1804,2026-09-26,Checking,Dining,Restaurant,Client Lunch,-15.43,USD,Cleared,Merchant_34,BIZ-MEAL,Sales,86144.11
TXN-1805,2026-09-26,Credit,Travel,Uber,Airport Ride,-17.1,USD,Cleared,Merchant_3,BIZ-TRAV,Travel_Q1,86127.01
TXN-1806,2026-09-26,Credit,Healthcare,Pharmacy,Medical Supplies,-31.73,USD,Cleared,Merchant_40,MED-01,Wellness,86095.28
TXN-1807,2026-09-27,Checking,Transport,Fuel,Gas Station,-76.24,USD,Cleared,Merchant_6,TRA-01,Commute,86019.04
TXN-1808,2026-09-27,Checking,Transport,Fuel,Gas Station,-20.21,USD,Cleared,Merchant_13,TRA-01,Commute,85998.83
TXN-1809,2026-09-27,Credit,Food,Groceries,Weekly Shop,-87.59,USD,Cleared,Merchant_7,FOOD-01,Living,85911.24
TXN-1810,2026-09-28,Checking,Income,Salary,Monthly Payroll,5500,USD,Cleared,Merchant_42,INC-01,Core,91411.24
TXN-1811,2026-09-28,Checking,Healthcare,Pharmacy,Medical Supplies,-140.95,USD,Cleared,Merchant_40,MED-01,Wellness,91270.29
TXN-1812,2026-09-28,Checking,Food,Groceries,Weekly Shop,-128.23,USD,Cleared,Merchant_47,FOOD-01,Living,91142.06
TXN-1813,2026-09-29,Credit,Business,Software,SaaS Subscription,-69.99,USD,Cleared,Merchant_4,BIZ-EXP,Project_Alpha,91072.07
TXN-1814,2026-09-29,Credit,Travel,Uber,Airport Ride,-74.66,USD,Cleared,Merchant_47,BIZ-TRAV,Travel_Q1,90997.41
TXN-1815,2026-09-29,Credit,Travel,Uber,Airport Ride,-25.1,USD,Cleared,Merchant_10,BIZ-TRAV,Travel_Q1,90972.31
TXN-1816,2026-09-30,Checking,Healthcare,Pharmacy,Medical Supplies,-72.59,USD,Cleared,Merchant_22,MED-01,Wellness,90899.72
TXN-1817,2026-09-30,Credit,Lifestyle,Entertainment,Cinema/Streaming,-139.63,USD,Cleared,Merchant_4,ENT-01,Personal,90760.09
TXN-1818,2026-09-30,Credit,Food,Groceries,Weekly Shop,-129.14,USD,Cleared,Merchant_38,FOOD-01,Living,90630.95
TXN-1819,2026-10-01,Credit,Transport,Fuel,Gas Station,-26.58,USD,Cleared,Merchant_43,TRA-01,Commute,90604.37
TXN-1820,2026-10-01,Credit,Healthcare,Pharmacy,Medical Supplies,-10.31,USD,Cleared,Merchant_44,MED-01,Wellness,90594.06
TXN-1821,2026-10-01,Checking,Healthcare,Pharmacy,Medical Supplies,-88.48,USD,Cleared,Merchant_25,MED-01,Wellness,90505.58
TXN-1822,2026-10-02,Credit,Travel,Uber,Airport Ride,-43.59,USD,Cleared,Merchant_12,BIZ-TRAV,Travel_Q1,90461.99
TXN-1823,2026-10-02,Checking,Business,Software,SaaS Subscription,-108.83,USD,Cleared,Merchant_34,BIZ-EXP,Project_Alpha,90353.16
TXN-1824,2026-10-02,Checking,Healthcare,Pharmacy,Medical Supplies,-39.84,USD,Cleared,Merchant_41,MED-01,Wellness,90313.32
TXN-1825,2026-10-03,Credit,Dining,Restaurant,Client Lunch,-34.58,USD,Cleared,Merchant_4,BIZ-MEAL,Sales,90278.74
TXN-1826,2026-10-03,Credit,Transport,Fuel,Gas Station,-100.47,USD,Cleared,Merchant_12,TRA-01,Commute,90178.27
TXN-1827,2026-10-03,Checking,Lifestyle,Entertainment,Cinema/Streaming,-24.1,USD,Cleared,Merchant_12,ENT-01,Personal,90154.17
TXN-1828,2026-10-04,Credit,Lifestyle,Entertainment,Cinema/Streaming,-23.47,USD,Cleared,Merchant_37,ENT-01,Personal,90130.70
TXN-1829,2026-10-04,Credit,Travel,Uber,Airport Ride,-83.47,USD,Cleared,Merchant_7,BIZ-TRAV,Travel_Q1,90047.23
TXN-1830,2026-10-04,Checking,Transport,Fuel,Gas Station,-30.58,USD,Cleared,Merchant_3,TRA-01,Commute,90016.65
TXN-1831,2026-10-05,Credit,Healthcare,Pharmacy,Medical Supplies,-31.57,USD,Cleared,Merchant_7,MED-01,Wellness,89985.08
TXN-1832,2026-10-05,Credit,Business,Software,SaaS Subscription,-76.43,USD,Cleared,Merchant_2,BIZ-EXP,Project_Alpha,89908.65
TXN-1833,2026-10-05,Credit,Travel,Uber,Airport Ride,-33.29,USD,Cleared,Merchant_38,BIZ-TRAV,Travel_Q1,89875.36
TXN-1834,2026-10-06,Checking,Food,Groceries,Weekly Shop,-122.8,USD,Cleared,Merchant_29,FOOD-01,Living,89752.56
TXN-1835,2026-10-06,Credit,Lifestyle,Entertainment,Cinema/Streaming,-92,USD,Cleared,Merchant_18,ENT-01,Personal,89660.56
TXN-1836,2026-10-06,Checking,Business,Software,SaaS Subscription,-109.6,USD,Cleared,Merchant_49,BIZ-EXP,Project_Alpha,89550.96
TXN-1837,2026-10-07,Credit,Dining,Restaurant,Client Lunch,-65.61,USD,Cleared,Merchant_16,BIZ-MEAL,Sales,89485.35
TXN-1838,2026-10-07,Checking,Healthcare,Pharmacy,Medical Supplies,-59.83,USD,Cleared,Merchant_4,MED-01,Wellness,89425.52
TXN-1839,2026-10-07,Credit,Healthcare,Pharmacy,Medical Supplies,-122.36,USD,Cleared,Merchant_31,MED-01,Wellness,89303.16
TXN-1840,2026-10-08,Checking,Income,Salary,Monthly Payroll,5500,USD,Cleared,Merchant_12,INC-01,Core,94803.16
TXN-1841,2026-10-08,Credit,Healthcare,Pharmacy,Medical Supplies,-145.49,USD,Cleared,Merchant_23,MED-01,Wellness,94657.67
TXN-1842,2026-10-08,Checking,Lifestyle,Entertainment,Cinema/Streaming,-76.26,USD,Cleared,Merchant_8,ENT-01,Personal,94581.41
TXN-1843,2026-10-09,Checking,Transport,Fuel,Gas Station,-119.04,USD,Cleared,Merchant_46,TRA-01,Commute,94462.37
TXN-1844,2026-10-09,Credit,Transport,Fuel,Gas Station,-128.05,USD,Cleared,Merchant_0,TRA-01,Commute,94334.32
TXN-1845,2026-10-09,Credit,Business,Software,SaaS Subscription,-60.74,USD,Cleared,Merchant_47,BIZ-EXP,Project_Alpha,94273.58
TXN-1846,2026-10-10,Credit,Transport,Fuel,Gas Station,-139.73,USD,Cleared,Merchant_24,TRA-01,Commute,94133.85
TXN-1847,2026-10-10,Checking,Business,Software,SaaS Subscription,-124.03,USD,Cleared,Merchant_20,BIZ-EXP,Project_Alpha,94009.82
TXN-1848,2026-10-10,Credit,Transport,Fuel,Gas Station,-89.96,USD,Cleared,Merchant_5,TRA-01,Commute,93919.86
TXN-1849,2026-10-11,Credit,Dining,Restaurant,Client Lunch,-11.56,USD,Cleared,Merchant_23,BIZ-MEAL,Sales,93908.30
TXN-1850,2026-10-11,Credit,Travel,Uber,Airport Ride,-42.82,USD,Cleared,Merchant_7,BIZ-TRAV,Travel_Q1,93865.48
TXN-1851,2026-10-11,Checking,Travel,Uber,Airport Ride,-139.4,USD,Cleared,Merchant_29,BIZ-TRAV,Travel_Q1,93726.08
TXN-1852,2026-10-12,Credit,Lifestyle,Entertainment,Cinema/Streaming,-99.9,USD,Cleared,Merchant_18,ENT-01,Personal,93626.18
TXN-1853,2026-10-12,Checking,Food,Groceries,Weekly Shop,-75.66,USD,Cleared,Merchant_11,FOOD-01,Living,93550.52
TXN-1854,2026-10-12,Checking,Transport,Fuel,Gas Station,-119.18,USD,Cleared,Merchant_36,TRA-01,Commute,93431.34
TXN-1855,2026-10-13,Checking,Business,Software,SaaS Subscription,-88.11,USD,Cleared,Merchant_16,BIZ-EXP,Project_Alpha,93343.23
TXN-1856,2026-10-13,Checking,Business,Software,SaaS Subscription,-91.89,USD,Cleared,Merchant_22,BIZ-EXP,Project_Alpha,93251.34
TXN-1857,2026-10-13,Checking,Business,Software,SaaS Subscription,-67.01,USD,Cleared,Merchant_34,BIZ-EXP,Project_Alpha,93184.33
TXN-1858,2026-10-14,Checking,Lifestyle,Entertainment,Cinema/Streaming,-97.26,USD,Cleared,Merchant_31,ENT-01,Personal,93087.07
TXN-1859,2026-10-14,Checking,Food,Groceries,Weekly Shop,-111.59,USD,Cleared,Merchant_34,FOOD-01,Living,92975.48
TXN-1860,2026-10-14,Checking,Business,Software,SaaS Subscription,-48.78,USD,Cleared,Merchant_4,BIZ-EXP,Project_Alpha,92926.70
TXN-1861,2026-10-15,Checking,Food,Groceries,Weekly Shop,-148.86,USD,Cleared,Merchant_46,FOOD-01,Living,92777.84
TXN-1862,2026-10-15,Credit,Healthcare,Pharmacy,Medical Supplies,-143.65,USD,Cleared,Merchant_30,MED-01,Wellness,92634.19
TXN-1863,2026-10-15,Checking,Dining,Restaurant,Client Lunch,-61.74,USD,Cleared,Merchant_17,BIZ-MEAL,Sales,92572.45
TXN-1864,2026-10-16,Checking,Travel,Uber,Airport Ride,-106.86,USD,Cleared,Merchant_20,BIZ-TRAV,Travel_Q1,92465.59
TXN-1865,2026-10-16,Credit,Business,Software,SaaS Subscription,-73.45,USD,Cleared,Merchant_48,BIZ-EXP,Project_Alpha,92392.14
TXN-1866,2026-10-16,Checking,Business,Software,SaaS Subscription,-10.1,USD,Cleared,Merchant_24,BIZ-EXP,Project_Alpha,92382.04
TXN-1867,2026-10-17,Checking,Business,Software,SaaS Subscription,-52.02,USD,Cleared,Merchant_14,BIZ-EXP,Project_Alpha,92330.02
TXN-1868,2026-10-17,Credit,Travel,Uber,Airport Ride,-13.18,USD,Cleared,Merchant_25,BIZ-TRAV,Travel_Q1,92316.84
TXN-1869,2026-10-17,Credit,Travel,Uber,Airport Ride,-68.02,USD,Cleared,Merchant_0,BIZ-TRAV,Travel_Q1,92248.82
TXN-1870,2026-10-18,Checking,Income,Salary,Monthly Payroll,5500,USD,Cleared,Merchant_13,INC-01,Core,97748.82
TXN-1871,2026-10-18,Credit,Food,Groceries,Weekly Shop,-74.91,USD,Cleared,Merchant_21,FOOD-01,Living,97673.91
TXN-1872,2026-10-18,Credit,Transport,Fuel,Gas Station,-138.05,USD,Cleared,Merchant_48,TRA-01,Commute,97535.86
TXN-1873,2026-10-19,Credit,Travel,Uber,Airport Ride,-15.59,USD,Cleared,Merchant_43,BIZ-TRAV,Travel_Q1,97520.27
TXN-1874,2026-10-19,Credit,Transport,Fuel,Gas Station,-69.67,USD,Cleared,Merchant_39,TRA-01,Commute,97450.60
TXN-1875,2026-10-19,Checking,Healthcare,Pharmacy,Medical Supplies,-139.75,USD,Cleared,Merchant_29,MED-01,Wellness,97310.85
TXN-1876,2026-10-20,Credit,Healthcare,Pharmacy,Medical Supplies,-105.3,USD,Cleared,Merchant_47,MED-01,Wellness,97205.55
TXN-1877,2026-10-20,Checking,Business,Software,SaaS Subscription,-131.04,USD,Cleared,Merchant_9,BIZ-EXP,Project_Alpha,97074.51
TXN-1878,2026-10-20,Checking,Healthcare,Pharmacy,Medical Supplies,-147.26,USD,Cleared,Merchant_42,MED-01,Wellness,96927.25
TXN-1879,2026-10-21,Credit,Healthcare,Pharmacy,Medical Supplies,-52.88,USD,Cleared,Merchant_24,MED-01,Wellness,96874.37
TXN-1880,2026-10-21,Credit,Healthcare,Pharmacy,Medical Supplies,-108.95,USD,Cleared,Merchant_46,MED-01,Wellness,96765.42
TXN-1881,2026-10-21,Checking,Food,Groceries,Weekly Shop,-102.43,USD,Cleared,Merchant_15,FOOD-01,Living,96662.99
TXN-1882,2026-10-22,Checking,Dining,Restaurant,Client Lunch,-52.83,USD,Cleared,Merchant_17,BIZ-MEAL,Sales,96610.16
TXN-1883,2026-10-22,Credit,Business,Software,SaaS Subscription,-107.01,USD,Cleared,Merchant_42,BIZ-EXP,Project_Alpha,96503.15
TXN-1884,2026-10-22,Checking,Business,Software,SaaS Subscription,-20.72,USD,Cleared,Merchant_6,BIZ-EXP,Project_Alpha,96482.43
TXN-1885,2026-10-23,Checking,Business,Software,SaaS Subscription,-49.03,USD,Cleared,Merchant_17,BIZ-EXP,Project_Alpha,96433.40
TXN-1886,2026-10-23,Credit,Lifestyle,Entertainment,Cinema/Streaming,-11.1,USD,Cleared,Merchant_42,ENT-01,Personal,96422.30
TXN-1887,2026-10-23,Checking,Healthcare,Pharmacy,Medical Supplies,-117.19,USD,Cleared,Merchant_23,MED-01,Wellness,96305.11
TXN-1888,2026-10-24,Credit,Healthcare,Pharmacy,Medical Supplies,-102.69,USD,Cleared,Merchant_48,MED-01,Wellness,96202.42
TXN-1889,2026-10-24,Checking,Food,Groceries,Weekly Shop,-81.56,USD,Cleared,Merchant_47,FOOD-01,Living,96120.86
TXN-1890,2026-10-24,Checking,Travel,Uber,Airport Ride,-146.54,USD,Cleared,Merchant_17,BIZ-TRAV,Travel_Q1,95974.32
TXN-1891,2026-10-25,Credit,Lifestyle,Entertainment,Cinema/Streaming,-30.39,USD,Cleared,Merchant_30,ENT-01,Personal,95943.93
TXN-1892,2026-10-25,Credit,Lifestyle,Entertainment,Cinema/Streaming,-99.94,USD,Cleared,Merchant_3,ENT-01,Personal,95843.99
TXN-1893,2026-10-25,Checking,Travel,Uber,Airport Ride,-149.66,USD,Cleared,Merchant_36,BIZ-TRAV,Travel_Q1,95694.33
TXN-1894,2026-10-26,Credit,Travel,Uber,Airport Ride,-52.63,USD,Cleared,Merchant_14,BIZ-TRAV,Travel_Q1,95641.70
TXN-1895,2026-10-26,Credit,Healthcare,Pharmacy,Medical Supplies,-32.33,USD,Cleared,Merchant_44,MED-01,Wellness,95609.37
TXN-1896,2026-10-26,Checking,Dining,Restaurant,Client Lunch,-29.2,USD,Cleared,Merchant_39,BIZ-MEAL,Sales,95580.17
TXN-1897,2026-10-27,Credit,Travel,Uber,Airport Ride,-65.29,USD,Cleared,Merchant_35,BIZ-TRAV,Travel_Q1,95514.88
TXN-1898,2026-10-27,Checking,Lifestyle,Entertainment,Cinema/Streaming,-120,USD,Cleared,Merchant_6,ENT-01,Personal,95394.88
TXN-1899,2026-10-27,Credit,Travel,Uber,Airport Ride,-44.92,USD,Cleared,Merchant_15,BIZ-TRAV,Travel_Q1,95349.96
TXN-1900,2026-10-28,Checking,Income,Salary,Monthly Payroll,5500,USD,Cleared,Merchant_4,INC-01,Core,100849.96
TXN-1901,2026-10-28,Credit,Business,Software,SaaS Subscription,-115.68,USD,Cleared,Merchant_40,BIZ-EXP,Project_Alpha,100734.28
TXN-1902,2026-10-28,Checking,Travel,Uber,Airport Ride,-63.16,USD,Cleared,Merchant_41,BIZ-TRAV,Travel_Q1,100671.12
TXN-1903,2026-10-29,Credit,Travel,Uber,Airport Ride,-117.76,USD,Cleared,Merchant_32,BIZ-TRAV,Travel_Q1,100553.36
TXN-1904,2026-10-29,Credit,Transport,Fuel,Gas Station,-56.14,USD,Cleared,Merchant_28,TRA-01,Commute,100497.22
TXN-1905,2026-10-29,Checking,Dining,Restaurant,Client Lunch,-76.19,USD,Cleared,Merchant_25,BIZ-MEAL,Sales,100421.03
TXN-1906,2026-10-30,Credit,Food,Groceries,Weekly Shop,-114.67,USD,Cleared,Merchant_30,FOOD-01,Living,100306.36
TXN-1907,2026-10-30,Credit,Travel,Uber,Airport Ride,-33.43,USD,Cleared,Merchant_21,BIZ-TRAV,Travel_Q1,100272.93
TXN-1908,2026-10-30,Credit,Healthcare,Pharmacy,Medical Supplies,-114.5,USD,Cleared,Merchant_34,MED-01,Wellness,100158.43
TXN-1909,2026-10-31,Credit,Business,Software,SaaS Subscription,-93.92,USD,Cleared,Merchant_21,BIZ-EXP,Project_Alpha,100064.51
TXN-1910,2026-10-31,Credit,Transport,Fuel,Gas Station,-46.08,USD,Cleared,Merchant_13,TRA-01,Commute,100018.43
TXN-1911,2026-10-31,Checking,Dining,Restaurant,Client Lunch,-144.24,USD,Cleared,Merchant_30,BIZ-MEAL,Sales,99874.19
TXN-1912,2026-11-01,Credit,Dining,Restaurant,Client Lunch,-146.16,USD,Cleared,Merchant_5,BIZ-MEAL,Sales,99728.03
TXN-1913,2026-11-01,Checking,Food,Groceries,Weekly Shop,-132.91,USD,Cleared,Merchant_43,FOOD-01,Living,99595.12
TXN-1914,2026-11-01,Checking,Food,Groceries,Weekly Shop,-67.61,USD,Cleared,Merchant_12,FOOD-01,Living,99527.51
TXN-1915,2026-11-02,Checking,Travel,Uber,Airport Ride,-109.14,USD,Cleared,Merchant_16,BIZ-TRAV,Travel_Q1,99418.37
TXN-1916,2026-11-02,Credit,Transport,Fuel,Gas Station,-42.41,USD,Cleared,Merchant_8,TRA-01,Commute,99375.96
TXN-1917,2026-11-02,Checking,Food,Groceries,Weekly Shop,-27.74,USD,Cleared,Merchant_41,FOOD-01,Living,99348.22
TXN-1918,2026-11-03,Credit,Travel,Uber,Airport Ride,-131.39,USD,Cleared,Merchant_21,BIZ-TRAV,Travel_Q1,99216.83
TXN-1919,2026-11-03,Checking,Travel,Uber,Airport Ride,-124.6,USD,Cleared,Merchant_46,BIZ-TRAV,Travel_Q1,99092.23
TXN-1920,2026-11-03,Credit,Transport,Fuel,Gas Station,-42.18,USD,Cleared,Merchant_11,TRA-01,Commute,99050.05
TXN-1921,2026-11-04,Credit,Lifestyle,Entertainment,Cinema/Streaming,-47.29,USD,Cleared,Merchant_22,ENT-01,Personal,99002.76
TXN-1922,2026-11-04,Checking,Lifestyle,Entertainment,Cinema/Streaming,-109.23,USD,Cleared,Merchant_4,ENT-01,Personal,98893.53
TXN-1923,2026-11-04,Checking,Dining,Restaurant,Client Lunch,-143.24,USD,Cleared,Merchant_19,BIZ-MEAL,Sales,98750.29
TXN-1924,2026-11-05,Checking,Healthcare,Pharmacy,Medical Supplies,-15.53,USD,Cleared,Merchant_22,MED-01,Wellness,98734.76
TXN-1925,2026-11-05,Credit,Travel,Uber,Airport Ride,-98.59,USD,Cleared,Merchant_39,BIZ-TRAV,Travel_Q1,98636.17
TXN-1926,2026-11-05,Checking,Transport,Fuel,Gas Station,-130.81,USD,Cleared,Merchant_10,TRA-01,Commute,98505.36
TXN-1927,2026-11-06,Checking,Travel,Uber,Airport Ride,-103.08,USD,Cleared,Merchant_40,BIZ-TRAV,Travel_Q1,98402.28
TXN-1928,2026-11-06,Credit,Business,Software,SaaS Subscription,-30.67,USD,Cleared,Merchant_33,BIZ-EXP,Project_Alpha,98371.61
TXN-1929,2026-11-06,Checking,Travel,Uber,Airport Ride,-69.02,USD,Cleared,Merchant_7,BIZ-TRAV,Travel_Q1,98302.59
TXN-1930,2026-11-07,Checking,Income,Salary,Monthly Payroll,5500,USD,Cleared,Merchant_13,INC-01,Core,103802.59
TXN-1931,2026-11-07,Credit,Dining,Restaurant,Client Lunch,-64.66,USD,Cleared,Merchant_10,BIZ-MEAL,Sales,103737.93
TXN-1932,2026-11-07,Checking,Dining,Restaurant,Client Lunch,-145.01,USD,Cleared,Merchant_32,BIZ-MEAL,Sales,103592.92
TXN-1933,2026-11-08,Credit,Transport,Fuel,Gas Station,-108.54,USD,Cleared,Merchant_2,TRA-01,Commute,103484.38
TXN-1934,2026-11-08,Checking,Business,Software,SaaS Subscription,-68.71,USD,Cleared,Merchant_24,BIZ-EXP,Project_Alpha,103415.67
TXN-1935,2026-11-08,Checking,Food,Groceries,Weekly Shop,-70.53,USD,Cleared,Merchant_7,FOOD-01,Living,103345.14
TXN-1936,2026-11-09,Checking,Travel,Uber,Airport Ride,-91.73,USD,Cleared,Merchant_28,BIZ-TRAV,Travel_Q1,103253.41
TXN-1937,2026-11-09,Checking,Lifestyle,Entertainment,Cinema/Streaming,-88.08,USD,Cleared,Merchant_26,ENT-01,Personal,103165.33
TXN-1938,2026-11-09,Credit,Lifestyle,Entertainment,Cinema/Streaming,-116.27,USD,Cleared,Merchant_21,ENT-01,Personal,103049.06
TXN-1939,2026-11-10,Checking,Food,Groceries,Weekly Shop,-144.53,USD,Cleared,Merchant_24,FOOD-01,Living,102904.53
TXN-1940,2026-11-10,Checking,Food,Groceries,Weekly Shop,-106.1,USD,Cleared,Merchant_43,FOOD-01,Living,102798.43
TXN-1941,2026-11-10,Checking,Travel,Uber,Airport Ride,-139.12,USD,Cleared,Merchant_35,BIZ-TRAV,Travel_Q1,102659.31
TXN-1942,2026-11-11,Checking,Business,Software,SaaS Subscription,-84.48,USD,Cleared,Merchant_4,BIZ-EXP,Project_Alpha,102574.83
TXN-1943,2026-11-11,Credit,Dining,Restaurant,Client Lunch,-106.89,USD,Cleared,Merchant_1,BIZ-MEAL,Sales,102467.94
TXN-1944,2026-11-11,Checking,Business,Software,SaaS Subscription,-21.04,USD,Cleared,Merchant_37,BIZ-EXP,Project_Alpha,102446.90
TXN-1945,2026-11-12,Credit,Travel,Uber,Airport Ride,-86.64,USD,Cleared,Merchant_17,BIZ-TRAV,Travel_Q1,102360.26
TXN-1946,2026-11-12,Credit,Healthcare,Pharmacy,Medical Supplies,-132.28,USD,Cleared,Merchant_41,MED-01,Wellness,102227.98
TXN-1947,2026-11-12,Checking,Business,Software,SaaS Subscription,-75.01,USD,Cleared,Merchant_13,BIZ-EXP,Project_Alpha,102152.97
TXN-1948,2026-11-13,Checking,Travel,Uber,Airport Ride,-87.42,USD,Cleared,Merchant_36,BIZ-TRAV,Travel_Q1,102065.55
TXN-1949,2026-11-13,Credit,Healthcare,Pharmacy,Medical Supplies,-43.97,USD,Cleared,Merchant_6,MED-01,Wellness,102021.58
TXN-1950,2026-11-13,Checking,Healthcare,Pharmacy,Medical Supplies,-35.22,USD,Cleared,Merchant_47,MED-01,Wellness,101986.36
TXN-1951,2026-11-14,Credit,Food,Groceries,Weekly Shop,-21.45,USD,Cleared,Merchant_7,FOOD-01,Living,101964.91
TXN-1952,2026-11-14,Credit,Business,Software,SaaS Subscription,-29.36,USD,Cleared,Merchant_44,BIZ-EXP,Project_Alpha,101935.55
TXN-1953,2026-11-14,Checking,Dining,Restaurant,Client Lunch,-111.35,USD,Cleared,Merchant_21,BIZ-MEAL,Sales,101824.20
TXN-1954,2026-11-15,Credit,Lifestyle,Entertainment,Cinema/Streaming,-109.96,USD,Cleared,Merchant_33,ENT-01,Personal,101714.24
TXN-1955,2026-11-15,Credit,Lifestyle,Entertainment,Cinema/Streaming,-103.89,USD,Cleared,Merchant_21,ENT-01,Personal,101610.35
TXN-1956,2026-11-15,Credit,Travel,Uber,Airport Ride,-137.19,USD,Cleared,Merchant_2,BIZ-TRAV,Travel_Q1,101473.16
TXN-1957,2026-11-16,Credit,Food,Groceries,Weekly Shop,-98.27,USD,Cleared,Merchant_14,FOOD-01,Living,101374.89
TXN-1958,2026-11-16,Checking,Healthcare,Pharmacy,Medical Supplies,-75.85,USD,Cleared,Merchant_36,MED-01,Wellness,101299.04
TXN-1959,2026-11-16,Checking,Lifestyle,Entertainment,Cinema/Streaming,-148.9,USD,Cleared,Merchant_1,ENT-01,Personal,101150.14
TXN-1960,2026-11-17,Checking,Income,Salary,Monthly Payroll,5500,USD,Cleared,Merchant_22,INC-01,Core,106650.14
TXN-1961,2026-11-17,Checking,Business,Software,SaaS Subscription,-66.51,USD,Cleared,Merchant_38,BIZ-EXP,Project_Alpha,106583.63
TXN-1962,2026-11-17,Credit,Food,Groceries,Weekly Shop,-24.24,USD,Cleared,Merchant_18,FOOD-01,Living,106559.39
TXN-1963,2026-11-18,Credit,Business,Software,SaaS Subscription,-121.06,USD,Cleared,Merchant_38,BIZ-EXP,Project_Alpha,106438.33
TXN-1964,2026-11-18,Credit,Lifestyle,Entertainment,Cinema/Streaming,-101.04,USD,Cleared,Merchant_40,ENT-01,Personal,106337.29
TXN-1965,2026-11-18,Credit,Lifestyle,Entertainment,Cinema/Streaming,-34.94,USD,Cleared,Merchant_45,ENT-01,Personal,106302.35
TXN-1966,2026-11-19,Credit,Healthcare,Pharmacy,Medical Supplies,-92.64,USD,Cleared,Merchant_38,MED-01,Wellness,106209.71
TXN-1967,2026-11-19,Credit,Travel,Uber,Airport Ride,-95.41,USD,Cleared,Merchant_25,BIZ-TRAV,Travel_Q1,106114.30
TXN-1968,2026-11-19,Credit,Travel,Uber,Airport Ride,-27.01,USD,Cleared,Merchant_31,BIZ-TRAV,Travel_Q1,106087.29
TXN-1969,2026-11-20,Credit,Business,Software,SaaS Subscription,-37.33,USD,Cleared,Merchant_13,BIZ-EXP,Project_Alpha,106049.96
TXN-1970,2026-11-20,Credit,Dining,Restaurant,Client Lunch,-37.4,USD,Cleared,Merchant_33,BIZ-MEAL,Sales,106012.56
TXN-1971,2026-11-20,Credit,Travel,Uber,Airport Ride,-48.99,USD,Cleared,Merchant_41,BIZ-TRAV,Travel_Q1,105963.57
TXN-1972,2026-11-21,Checking,Business,Software,SaaS Subscription,-99.73,USD,Cleared,Merchant_43,BIZ-EXP,Project_Alpha,105863.84
TXN-1973,2026-11-21,Credit,Food,Groceries,Weekly Shop,-84.76,USD,Cleared,Merchant_19,FOOD-01,Living,105779.08
TXN-1974,2026-11-21,Credit,Travel,Uber,Airport Ride,-105.38,USD,Cleared,Merchant_24,BIZ-TRAV,Travel_Q1,105673.70
TXN-1975,2026-11-22,Credit,Business,Software,SaaS Subscription,-12.57,USD,Cleared,Merchant_35,BIZ-EXP,Project_Alpha,105661.13
TXN-1976,2026-11-22,Checking,Transport,Fuel,Gas Station,-10.66,USD,Cleared,Merchant_8,TRA-01,Commute,105650.47
TXN-1977,2026-11-22,Checking,Business,Software,SaaS Subscription,-90.89,USD,Cleared,Merchant_24,BIZ-EXP,Project_Alpha,105559.58
TXN-1978,2026-11-23,Checking,Transport,Fuel,Gas Station,-14.76,USD,Cleared,Merchant_6,TRA-01,Commute,105544.82
TXN-1979,2026-11-23,Credit,Business,Software,SaaS Subscription,-69.34,USD,Cleared,Merchant_32,BIZ-EXP,Project_Alpha,105475.48
TXN-1980,2026-11-23,Checking,Travel,Uber,Airport Ride,-45.46,USD,Cleared,Merchant_16,BIZ-TRAV,Travel_Q1,105430.02
TXN-1981,2026-11-24,Checking,Lifestyle,Entertainment,Cinema/Streaming,-137.27,USD,Cleared,Merchant_13,ENT-01,Personal,105292.75
TXN-1982,2026-11-24,Credit,Transport,Fuel,Gas Station,-63.77,USD,Cleared,Merchant_46,TRA-01,Commute,105228.98
TXN-1983,2026-11-24,Checking,Healthcare,Pharmacy,Medical Supplies,-43.96,USD,Cleared,Merchant_44,MED-01,Wellness,105185.02
TXN-1984,2026-11-25,Checking,Lifestyle,Entertainment,Cinema/Streaming,-146.6,USD,Cleared,Merchant_10,ENT-01,Personal,105038.42
TXN-1985,2026-11-25,Credit,Travel,Uber,Airport Ride,-110.54,USD,Cleared,Merchant_38,BIZ-TRAV,Travel_Q1,104927.88
TXN-1986,2026-11-25,Credit,Business,Software,SaaS Subscription,-67.86,USD,Cleared,Merchant_3,BIZ-EXP,Project_Alpha,104860.02
TXN-1987,2026-11-26,Credit,Travel,Uber,Airport Ride,-17.7,USD,Cleared,Merchant_3,BIZ-TRAV,Travel_Q1,104842.32
TXN-1988,2026-11-26,Credit,Lifestyle,Entertainment,Cinema/Streaming,-139.63,USD,Cleared,Merchant_39,ENT-01,Personal,104702.69
TXN-1989,2026-11-26,Checking,Dining,Restaurant,Client Lunch,-119.57,USD,Cleared,Merchant_17,BIZ-MEAL,Sales,104583.12
TXN-1990,2026-11-27,Checking,Income,Salary,Monthly Payroll,5500,USD,Cleared,Merchant_22,INC-01,Core,110083.12
TXN-1991,2026-11-27,Credit,Lifestyle,Entertainment,Cinema/Streaming,-98.27,USD,Cleared,Merchant_35,ENT-01,Personal,109984.85
TXN-1992,2026-11-27,Credit,Transport,Fuel,Gas Station,-137.78,USD,Cleared,Merchant_8,TRA-01,Commute,109847.07
TXN-1993,2026-11-28,Credit,Transport,Fuel,Gas Station,-45.81,USD,Cleared,Merchant_14,TRA-01,Commute,109801.26
TXN-1994,2026-11-28,Credit,Dining,Restaurant,Client Lunch,-116.46,USD,Cleared,Merchant_38,BIZ-MEAL,Sales,109684.80
TXN-1995,2026-11-28,Credit,Dining,Restaurant,Client Lunch,-91.5,USD,Cleared,Merchant_19,BIZ-MEAL,Sales,109593.30
TXN-1996,2026-11-29,Checking,Food,Groceries,Weekly Shop,-141.92,USD,Cleared,Merchant_25,FOOD-01,Living,109451.38
TXN-1997,2026-11-29,Credit,Business,Software,SaaS Subscription,-90.17,USD,Cleared,Merchant_48,BIZ-EXP,Project_Alpha,109361.21
TXN-1998,2026-11-29,Checking,Food,Groceries,Weekly Shop,-81.23,USD,Cleared,Merchant_5,FOOD-01,Living,109279.98
TXN-1999,2026-11-30,Checking,Dining,Restaurant,Client Lunch,-78.39,USD,Cleared,Merchant_48,BIZ-MEAL,Sales,109201.59
TXN-2000,2026-11-30,Checking,Business,Software,SaaS Subscription,-81.84,USD,Cleared,Merchant_33,BIZ-EXP,Project_Alpha,109119.75
TXN-2001,2026-11-30,Checking,Transport,Fuel,Gas Station,-55.68,USD,Cleared,Merchant_26,TRA-01,Commute,109064.07
TXN-2002,2026-12-01,Checking,Dining,Restaurant,Client Lunch,-97.99,USD,Cleared,Merchant_43,BIZ-MEAL,Sales,108966.08
TXN-2003,2026-12-01,Checking,Business,Software,SaaS Subscription,-46.39,USD,Cleared,Merchant_16,BIZ-EXP,Project_Alpha,108919.69
TXN-2004,2026-12-01,Credit,Business,Software,SaaS Subscription,-125.24,USD,Cleared,Merchant_8,BIZ-EXP,Project_Alpha,108794.45
TXN-2005,2026-12-02,Checking,Lifestyle,Entertainment,Cinema/Streaming,-21.34,USD,Cleared,Merchant_36,ENT-01,Personal,108773.11
TXN-2006,2026-12-02,Checking,Travel,Uber,Airport Ride,-125.33,USD,Cleared,Merchant_37,BIZ-TRAV,Travel_Q1,108647.78
TXN-2007,2026-12-02,Credit,Business,Software,SaaS Subscription,-135.63,USD,Cleared,Merchant_1,BIZ-EXP,Project_Alpha,108512.15
TXN-2008,2026-12-03,Credit,Healthcare,Pharmacy,Medical Supplies,-92.2,USD,Cleared,Merchant_14,MED-01,Wellness,108419.95
TXN-2009,2026-12-03,Credit,Transport,Fuel,Gas Station,-51.33,USD,Cleared,Merchant_10,TRA-01,Commute,108368.62
TXN-2010,2026-12-03,Credit,Lifestyle,Entertainment,Cinema/Streaming,-73.87,USD,Cleared,Merchant_49,ENT-01,Personal,108294.75
TXN-2011,2026-12-04,Checking,Business,Software,SaaS Subscription,-36.33,USD,Cleared,Merchant_3,BIZ-EXP,Project_Alpha,108258.42
TXN-2012,2026-12-04,Checking,Food,Groceries,Weekly Shop,-101.21,USD,Cleared,Merchant_34,FOOD-01,Living,108157.21
TXN-2013,2026-12-04,Checking,Food,Groceries,Weekly Shop,-28.43,USD,Cleared,Merchant_49,FOOD-01,Living,108128.78
TXN-2014,2026-12-05,Checking,Lifestyle,Entertainment,Cinema/Streaming,-93.23,USD,Cleared,Merchant_0,ENT-01,Personal,108035.55
TXN-2015,2026-12-05,Checking,Transport,Fuel,Gas Station,-49.65,USD,Cleared,Merchant_31,TRA-01,Commute,107985.90
TXN-2016,2026-12-05,Credit,Lifestyle,Entertainment,Cinema/Streaming,-66.67,USD,Cleared,Merchant_16,ENT-01,Personal,107919.23
TXN-2017,2026-12-06,Credit,Dining,Restaurant,Client Lunch,-139.5,USD,Cleared,Merchant_8,BIZ-MEAL,Sales,107779.73
TXN-2018,2026-12-06,Credit,Food,Groceries,Weekly Shop,-120.74,USD,Cleared,Merchant_40,FOOD-01,Living,107658.99
TXN-2019,2026-12-06,Credit,Healthcare,Pharmacy,Medical Supplies,-90.14,USD,Cleared,Merchant_29,MED-01,Wellness,107568.85
TXN-2020,2026-12-07,Checking,Income,Salary,Monthly Payroll,5500,USD,Cleared,Merchant_40,INC-01,Core,113068.85
TXN-2021,2026-12-07,Checking,Business,Software,SaaS Subscription,-30.47,USD,Cleared,Merchant_42,BIZ-EXP,Project_Alpha,113038.38
TXN-2022,2026-12-07,Checking,Transport,Fuel,Gas Station,-57.98,USD,Cleared,Merchant_3,TRA-01,Commute,112980.40
TXN-2023,2026-12-08,Credit,Lifestyle,Entertainment,Cinema/Streaming,-24.53,USD,Cleared,Merchant_24,ENT-01,Personal,112955.87
TXN-2024,2026-12-08,Credit,Business,Software,SaaS Subscription,-49.82,USD,Cleared,Merchant_16,BIZ-EXP,Project_Alpha,112906.05
TXN-2025,2026-12-08,Credit,Business,Software,SaaS Subscription,-12.88,USD,Cleared,Merchant_41,BIZ-EXP,Project_Alpha,112893.17
TXN-2026,2026-12-09,Checking,Lifestyle,Entertainment,Cinema/Streaming,-117.42,USD,Cleared,Merchant_33,ENT-01,Personal,112775.75
TXN-2027,2026-12-09,Credit,Food,Groceries,Weekly Shop,-91.47,USD,Cleared,Merchant_11,FOOD-01,Living,112684.28
TXN-2028,2026-12-09,Credit,Dining,Restaurant,Client Lunch,-83.65,USD,Cleared,Merchant_11,BIZ-MEAL,Sales,112600.63
TXN-2029,2026-12-10,Checking,Food,Groceries,Weekly Shop,-54.15,USD,Cleared,Merchant_10,FOOD-01,Living,112546.48
TXN-2030,2026-12-10,Credit,Business,Software,SaaS Subscription,-106.5,USD,Cleared,Merchant_0,BIZ-EXP,Project_Alpha,112439.98
TXN-2031,2026-12-10,Checking,Transport,Fuel,Gas Station,-55.58,USD,Cleared,Merchant_40,TRA-01,Commute,112384.40
TXN-2032,2026-12-11,Credit,Transport,Fuel,Gas Station,-138.43,USD,Cleared,Merchant_23,TRA-01,Commute,112245.97
TXN-2033,2026-12-11,Checking,Business,Software,SaaS Subscription,-102.8,USD,Cleared,Merchant_33,BIZ-EXP,Project_Alpha,112143.17
TXN-2034,2026-12-11,Checking,Dining,Restaurant,Client Lunch,-136.7,USD,Cleared,Merchant_40,BIZ-MEAL,Sales,112006.47
TXN-2035,2026-12-12,Checking,Transport,Fuel,Gas Station,-128.68,USD,Cleared,Merchant_38,TRA-01,Commute,111877.79
TXN-2036,2026-12-12,Credit,Healthcare,Pharmacy,Medical Supplies,-70.07,USD,Cleared,Merchant_11,MED-01,Wellness,111807.72
TXN-2037,2026-12-12,Checking,Dining,Restaurant,Client Lunch,-47.23,USD,Cleared,Merchant_47,BIZ-MEAL,Sales,111760.49
TXN-2038,2026-12-13,Checking,Food,Groceries,Weekly Shop,-134.39,USD,Cleared,Merchant_23,FOOD-01,Living,111626.10
TXN-2039,2026-12-13,Credit,Business,Software,SaaS Subscription,-66.51,USD,Cleared,Merchant_4,BIZ-EXP,Project_Alpha,111559.59
TXN-2040,2026-12-13,Credit,Food,Groceries,Weekly Shop,-23.26,USD,Cleared,Merchant_39,FOOD-01,Living,111536.33
TXN-2041,2026-12-14,Checking,Healthcare,Pharmacy,Medical Supplies,-58.25,USD,Cleared,Merchant_8,MED-01,Wellness,111478.08
TXN-2042,2026-12-14,Credit,Food,Groceries,Weekly Shop,-120.67,USD,Cleared,Merchant_31,FOOD-01,Living,111357.41
TXN-2043,2026-12-14,Credit,Lifestyle,Entertainment,Cinema/Streaming,-126.41,USD,Cleared,Merchant_8,ENT-01,Personal,111231.00
TXN-2044,2026-12-15,Checking,Dining,Restaurant,Client Lunch,-102.87,USD,Cleared,Merchant_2,BIZ-MEAL,Sales,111128.13
TXN-2045,2026-12-15,Checking,Healthcare,Pharmacy,Medical Supplies,-60.63,USD,Cleared,Merchant_16,MED-01,Wellness,111067.50
TXN-2046,2026-12-15,Credit,Transport,Fuel,Gas Station,-101.74,USD,Cleared,Merchant_31,TRA-01,Commute,110965.76
TXN-2047,2026-12-16,Checking,Food,Groceries,Weekly Shop,-111.25,USD,Cleared,Merchant_8,FOOD-01,Living,110854.51
TXN-2048,2026-12-16,Checking,Dining,Restaurant,Client Lunch,-50.97,USD,Cleared,Merchant_23,BIZ-MEAL,Sales,110803.54
TXN-2049,2026-12-16,Credit,Transport,Fuel,Gas Station,-102.87,USD,Cleared,Merchant_5,TRA-01,Commute,110700.67
TXN-2050,2026-12-17,Checking,Income,Salary,Monthly Payroll,5500,USD,Cleared,Merchant_21,INC-01,Core,116200.67
TXN-2051,2026-12-17,Checking,Food,Groceries,Weekly Shop,-136.88,USD,Cleared,Merchant_42,FOOD-01,Living,116063.79
TXN-2052,2026-12-17,Checking,Dining,Restaurant,Client Lunch,-23.4,USD,Cleared,Merchant_39,BIZ-MEAL,Sales,116040.39
TXN-2053,2026-12-18,Credit,Transport,Fuel,Gas Station,-97.22,USD,Cleared,Merchant_43,TRA-01,Commute,115943.17
TXN-2054,2026-12-18,Credit,Travel,Uber,Airport Ride,-70.04,USD,Cleared,Merchant_37,BIZ-TRAV,Travel_Q1,115873.13
TXN-2055,2026-12-18,Credit,Dining,Restaurant,Client Lunch,-147.46,USD,Cleared,Merchant_10,BIZ-MEAL,Sales,115725.67
TXN-2056,2026-12-19,Credit,Transport,Fuel,Gas Station,-128.23,USD,Cleared,Merchant_28,TRA-01,Commute,115597.44
TXN-2057,2026-12-19,Credit,Food,Groceries,Weekly Shop,-19.93,USD,Cleared,Merchant_46,FOOD-01,Living,115577.51
TXN-2058,2026-12-19,Checking,Dining,Restaurant,Client Lunch,-49.07,USD,Cleared,Merchant_29,BIZ-MEAL,Sales,115528.44
TXN-2059,2026-12-20,Credit,Food,Groceries,Weekly Shop,-95.84,USD,Cleared,Merchant_34,FOOD-01,Living,115432.60
TXN-2060,2026-12-20,Credit,Travel,Uber,Airport Ride,-40.25,USD,Cleared,Merchant_19,BIZ-TRAV,Travel_Q1,115392.35
TXN-2061,2026-12-20,Credit,Dining,Restaurant,Client Lunch,-106.39,USD,Cleared,Merchant_18,BIZ-MEAL,Sales,115285.96
TXN-2062,2026-12-21,Checking,Business,Software,SaaS Subscription,-60.1,USD,Cleared,Merchant_3,BIZ-EXP,Project_Alpha,115225.86
TXN-2063,2026-12-21,Checking,Business,Software,SaaS Subscription,-37.36,USD,Cleared,Merchant_46,BIZ-EXP,Project_Alpha,115188.50
TXN-2064,2026-12-21,Credit,Transport,Fuel,Gas Station,-64.98,USD,Cleared,Merchant_24,TRA-01,Commute,115123.52
TXN-2065,2026-12-22,Checking,Transport,Fuel,Gas Station,-59.9,USD,Cleared,Merchant_43,TRA-01,Commute,115063.62
TXN-2066,2026-12-22,Checking,Healthcare,Pharmacy,Medical Supplies,-82.1,USD,Cleared,Merchant_41,MED-01,Wellness,114981.52
TXN-2067,2026-12-22,Checking,Healthcare,Pharmacy,Medical Supplies,-47.48,USD,Cleared,Merchant_45,MED-01,Wellness,114934.04
TXN-2068,2026-12-23,Credit,Healthcare,Pharmacy,Medical Supplies,-11.51,USD,Cleared,Merchant_42,MED-01,Wellness,114922.53
TXN-2069,2026-12-23,Checking,Transport,Fuel,Gas Station,-34.34,USD,Cleared,Merchant_41,TRA-01,Commute,114888.19
TXN-2070,2026-12-23,Checking,Transport,Fuel,Gas Station,-35.07,USD,Cleared,Merchant_27,TRA-01,Commute,114853.12
TXN-2071,2026-12-24,Checking,Healthcare,Pharmacy,Medical Supplies,-93.67,USD,Cleared,Merchant_37,MED-01,Wellness,114759.45
TXN-2072,2026-12-24,Credit,Transport,Fuel,Gas Station,-62.29,USD,Cleared,Merchant_42,TRA-01,Commute,114697.16
TXN-2073,2026-12-24,Credit,Travel,Uber,Airport Ride,-125.71,USD,Cleared,Merchant_16,BIZ-TRAV,Travel_Q1,114571.45
TXN-2074,2026-12-25,Credit,Dining,Restaurant,Client Lunch,-93.16,USD,Cleared,Merchant_24,BIZ-MEAL,Sales,114478.29
TXN-2075,2026-12-25,Checking,Travel,Uber,Airport Ride,-136.59,USD,Cleared,Merchant_13,BIZ-TRAV,Travel_Q1,114341.70
TXN-2076,2026-12-25,Checking,Dining,Restaurant,Client Lunch,-119.11,USD,Cleared,Merchant_1,BIZ-MEAL,Sales,114222.59
TXN-2077,2026-12-26,Checking,Business,Software,SaaS Subscription,-69.81,USD,Cleared,Merchant_45,BIZ-EXP,Project_Alpha,114152.78
TXN-2078,2026-12-26,Credit,Travel,Uber,Airport Ride,-84.96,USD,Cleared,Merchant_4,BIZ-TRAV,Travel_Q1,114067.82
TXN-2079,2026-12-26,Checking,Transport,Fuel,Gas Station,-14.5,USD,Cleared,Merchant_3,TRA-01,Commute,114053.32
TXN-2080,2026-12-27,Checking,Income,Salary,Monthly Payroll,5500,USD,Cleared,Merchant_47,INC-01,Core,119553.32
TXN-2081,2026-12-27,Credit,Business,Software,SaaS Subscription,-72.75,USD,Cleared,Merchant_31,BIZ-EXP,Project_Alpha,119480.57
TXN-2082,2026-12-27,Checking,Healthcare,Pharmacy,Medical Supplies,-32.12,USD,Cleared,Merchant_45,MED-01,Wellness,119448.45
TXN-2083,2026-12-28,Credit,Lifestyle,Entertainment,Cinema/Streaming,-55.56,USD,Cleared,Merchant_47,ENT-01,Personal,119392.89
TXN-2084,2026-12-28,Credit,Travel,Uber,Airport Ride,-125.11,USD,Cleared,Merchant_38,BIZ-TRAV,Travel_Q1,119267.78
TXN-2085,2026-12-28,Credit,Lifestyle,Entertainment,Cinema/Streaming,-73.93,USD,Cleared,Merchant_17,ENT-01,Personal,119193.85
TXN-2086,2026-12-29,Checking,Dining,Restaurant,Client Lunch,-137.29,USD,Cleared,Merchant_6,BIZ-MEAL,Sales,119056.56
TXN-2087,2026-12-29,Checking,Healthcare,Pharmacy,Medical Supplies,-36.53,USD,Cleared,Merchant_44,MED-01,Wellness,119020.03
TXN-2088,2026-12-29,Checking,Dining,Restaurant,Client Lunch,-121.4,USD,Cleared,Merchant_47,BIZ-MEAL,Sales,118898.63
TXN-2089,2026-12-30,Checking,Food,Groceries,Weekly Shop,-43.46,USD,Cleared,Merchant_2,FOOD-01,Living,118855.17
TXN-2090,2026-12-30,Checking,Lifestyle,Entertainment,Cinema/Streaming,-106.93,USD,Cleared,Merchant_41,ENT-01,Personal,118748.24
TXN-2091,2026-12-30,Checking,Travel,Uber,Airport Ride,-103.61,USD,Cleared,Merchant_9,BIZ-TRAV,Travel_Q1,118644.63
TXN-2092,2026-12-31,Checking,Lifestyle,Entertainment,Cinema/Streaming,-106.94,USD,Cleared,Merchant_31,ENT-01,Personal,118537.69
TXN-2093,2026-12-31,Credit,Transport,Fuel,Gas Station,-96.3,USD,Cleared,Merchant_24,TRA-01,Commute,118441.39
TXN-2094,2026-12-31,Checking,Business,Software,SaaS Subscription,-39.51,USD,Cleared,Merchant_42,BIZ-EXP,Project_Alpha,118401.88
TXN-2095,2027-01-01,Credit,Dining,Restaurant,Client Lunch,-104.21,USD,Cleared,Merchant_23,BIZ-MEAL,Sales,118297.67
TXN-2096,2027-01-01,Credit,Travel,Uber,Airport Ride,-75.51,USD,Cleared,Merchant_39,BIZ-TRAV,Travel_Q1,118222.16
TXN-2097,2027-01-01,Credit,Lifestyle,Entertainment,Cinema/Streaming,-19.32,USD,Cleared,Merchant_6,ENT-01,Personal,118202.84
TXN-2098,2027-01-02,Checking,Travel,Uber,Airport Ride,-121.38,USD,Cleared,Merchant_22,BIZ-TRAV,Travel_Q1,118081.46
TXN-2099,2027-01-02,Checking,Business,Software,SaaS Subscription,-51.76,USD,Cleared,Merchant_24,BIZ-EXP,Project_Alpha,118029.70
TXN-2100,2027-01-02,Checking,Dining,Restaurant,Client Lunch,-69.76,USD,Cleared,Merchant_1,BIZ-MEAL,Sales,117959.94
TXN-2101,2027-01-03,Checking,Travel,Uber,Airport Ride,-149.38,USD,Cleared,Merchant_15,BIZ-TRAV,Travel_Q1,117810.56
TXN-2102,2027-01-03,Checking,Business,Software,SaaS Subscription,-120.52,USD,Cleared,Merchant_23,BIZ-EXP,Project_Alpha,117690.04
TXN-2103,2027-01-03,Checking,Healthcare,Pharmacy,Medical Supplies,-64.05,USD,Cleared,Merchant_17,MED-01,Wellness,117625.99
TXN-2104,2027-01-04,Checking,Transport,Fuel,Gas Station,-108.41,USD,Cleared,Merchant_45,TRA-01,Commute,117517.58
TXN-2105,2027-01-04,Credit,Food,Groceries,Weekly Shop,-80.95,USD,Cleared,Merchant_21,FOOD-01,Living,117436.63
TXN-2106,2027-01-04,Checking,Business,Software,SaaS Subscription,-23.91,USD,Cleared,Merchant_33,BIZ-EXP,Project_Alpha,117412.72
TXN-2107,2027-01-05,Checking,Healthcare,Pharmacy,Medical Supplies,-116.18,USD,Cleared,Merchant_10,MED-01,Wellness,117296.54
TXN-2108,2027-01-05,Checking,Dining,Restaurant,Client Lunch,-98.26,USD,Cleared,Merchant_4,BIZ-MEAL,Sales,117198.28
TXN-2109,2027-01-05,Checking,Business,Software,SaaS Subscription,-93.77,USD,Cleared,Merchant_49,BIZ-EXP,Project_Alpha,117104.51
TXN-2110,2027-01-06,Checking,Income,Salary,Monthly Payroll,5500,USD,Cleared,Merchant_45,INC-01,Core,122604.51
TXN-2111,2027-01-06,Checking,Healthcare,Pharmacy,Medical Supplies,-75.38,USD,Cleared,Merchant_44,MED-01,Wellness,122529.13
TXN-2112,2027-01-06,Credit,Business,Software,SaaS Subscription,-87.75,USD,Cleared,Merchant_22,BIZ-EXP,Project_Alpha,122441.38
TXN-2113,2027-01-07,Checking,Transport,Fuel,Gas Station,-73.77,USD,Cleared,Merchant_7,TRA-01,Commute,122367.61
TXN-2114,2027-01-07,Checking,Business,Software,SaaS Subscription,-61.04,USD,Cleared,Merchant_20,BIZ-EXP,Project_Alpha,122306.57
TXN-2115,2027-01-07,Credit,Dining,Restaurant,Client Lunch,-131.09,USD,Cleared,Merchant_9,BIZ-MEAL,Sales,122175.48
TXN-2116,2027-01-08,Checking,Food,Groceries,Weekly Shop,-95.6,USD,Cleared,Merchant_32,FOOD-01,Living,122079.88
TXN-2117,2027-01-08,Checking,Food,Groceries,Weekly Shop,-144.36,USD,Cleared,Merchant_8,FOOD-01,Living,121935.52
TXN-2118,2027-01-08,Checking,Healthcare,Pharmacy,Medical Supplies,-31.59,USD,Cleared,Merchant_18,MED-01,Wellness,121903.93
TXN-2119,2027-01-09,Credit,Travel,Uber,Airport Ride,-78.09,USD,Cleared,Merchant_34,BIZ-TRAV,Travel_Q1,121825.84
TXN-2120,2027-01-09,Credit,Lifestyle,Entertainment,Cinema/Streaming,-52.98,USD,Cleared,Merchant_17,ENT-01,Personal,121772.86
TXN-2121,2027-01-09,Credit,Business,Software,SaaS Subscription,-97.34,USD,Cleared,Merchant_20,BIZ-EXP,Project_Alpha,121675.52
TXN-2122,2027-01-10,Checking,Food,Groceries,Weekly Shop,-76.63,USD,Cleared,Merchant_23,FOOD-01,Living,121598.89
TXN-2123,2027-01-10,Credit,Lifestyle,Entertainment,Cinema/Streaming,-113.27,USD,Cleared,Merchant_7,ENT-01,Personal,121485.62
TXN-2124,2027-01-10,Credit,Food,Groceries,Weekly Shop,-24.38,USD,Cleared,Merchant_21,FOOD-01,Living,121461.24
TXN-2125,2027-01-11,Checking,Travel,Uber,Airport Ride,-62.44,USD,Cleared,Merchant_15,BIZ-TRAV,Travel_Q1,121398.80
TXN-2126,2027-01-11,Checking,Lifestyle,Entertainment,Cinema/Streaming,-116.16,USD,Cleared,Merchant_8,ENT-01,Personal,121282.64
TXN-2127,2027-01-11,Checking,Dining,Restaurant,Client Lunch,-98.34,USD,Cleared,Merchant_39,BIZ-MEAL,Sales,121184.30
TXN-2128,2027-01-12,Checking,Lifestyle,Entertainment,Cinema/Streaming,-63.42,USD,Cleared,Merchant_17,ENT-01,Personal,121120.88
TXN-2129,2027-01-12,Checking,Business,Software,SaaS Subscription,-93.92,USD,Cleared,Merchant_36,BIZ-EXP,Project_Alpha,121026.96
TXN-2130,2027-01-12,Credit,Dining,Restaurant,Client Lunch,-112.83,USD,Cleared,Merchant_6,BIZ-MEAL,Sales,120914.13
TXN-2131,2027-01-13,Credit,Lifestyle,Entertainment,Cinema/Streaming,-100.55,USD,Cleared,Merchant_41,ENT-01,Personal,120813.58
TXN-2132,2027-01-13,Checking,Lifestyle,Entertainment,Cinema/Streaming,-149.47,USD,Cleared,Merchant_46,ENT-01,Personal,120664.11
TXN-2133,2027-01-13,Checking,Business,Software,SaaS Subscription,-92.99,USD,Cleared,Merchant_16,BIZ-EXP,Project_Alpha,120571.12
TXN-2134,2027-01-14,Credit,Travel,Uber,Airport Ride,-77.45,USD,Cleared,Merchant_44,BIZ-TRAV,Travel_Q1,120493.67
TXN-2135,2027-01-14,Credit,Food,Groceries,Weekly Shop,-128.97,USD,Cleared,Merchant_22,FOOD-01,Living,120364.70
TXN-2136,2027-01-14,Credit,Healthcare,Pharmacy,Medical Supplies,-119.53,USD,Cleared,Merchant_16,MED-01,Wellness,120245.17
TXN-2137,2027-01-15,Checking,Dining,Restaurant,Client Lunch,-59.61,USD,Cleared,Merchant_33,BIZ-MEAL,Sales,120185.56
TXN-2138,2027-01-15,Credit,Business,Software,SaaS Subscription,-122.29,USD,Cleared,Merchant_21,BIZ-EXP,Project_Alpha,120063.27
TXN-2139,2027-01-15,Checking,Business,Software,SaaS Subscription,-19.52,USD,Cleared,Merchant_33,BIZ-EXP,Project_Alpha,120043.75
TXN-2140,2027-01-16,Checking,Income,Salary,Monthly Payroll,5500,USD,Cleared,Merchant_6,INC-01,Core,125543.75
TXN-2141,2027-01-16,Credit,Dining,Restaurant,Client Lunch,-39.44,USD,Cleared,Merchant_13,BIZ-MEAL,Sales,125504.31
TXN-2142,2027-01-16,Credit,Travel,Uber,Airport Ride,-118.82,USD,Cleared,Merchant_39,BIZ-TRAV,Travel_Q1,125385.49
TXN-2143,2027-01-17,Checking,Business,Software,SaaS Subscription,-13.29,USD,Cleared,Merchant_35,BIZ-EXP,Project_Alpha,125372.20
TXN-2144,2027-01-17,Credit,Healthcare,Pharmacy,Medical Supplies,-59.74,USD,Cleared,Merchant_42,MED-01,Wellness,125312.46
TXN-2145,2027-01-17,Credit,Business,Software,SaaS Subscription,-84.52,USD,Cleared,Merchant_35,BIZ-EXP,Project_Alpha,125227.94
TXN-2146,2027-01-18,Checking,Food,Groceries,Weekly Shop,-86.94,USD,Cleared,Merchant_0,FOOD-01,Living,125141.00
TXN-2147,2027-01-18,Checking,Transport,Fuel,Gas Station,-25.11,USD,Cleared,Merchant_28,TRA-01,Commute,125115.89
TXN-2148,2027-01-18,Credit,Transport,Fuel,Gas Station,-82.33,USD,Cleared,Merchant_42,TRA-01,Commute,125033.56
TXN-2149,2027-01-19,Credit,Transport,Fuel,Gas Station,-72.9,USD,Cleared,Merchant_40,TRA-01,Commute,124960.66
TXN-2150,2027-01-19,Checking,Healthcare,Pharmacy,Medical Supplies,-63.43,USD,Cleared,Merchant_1,MED-01,Wellness,124897.23
TXN-2151,2027-01-19,Credit,Travel,Uber,Airport Ride,-109.33,USD,Cleared,Merchant_11,BIZ-TRAV,Travel_Q1,124787.90
TXN-2152,2027-01-20,Checking,Dining,Restaurant,Client Lunch,-41.54,USD,Cleared,Merchant_2,BIZ-MEAL,Sales,124746.36
TXN-2153,2027-01-20,Checking,Transport,Fuel,Gas Station,-57.56,USD,Cleared,Merchant_2,TRA-01,Commute,124688.80
TXN-2154,2027-01-20,Credit,Dining,Restaurant,Client Lunch,-127.9,USD,Cleared,Merchant_10,BIZ-MEAL,Sales,124560.90
TXN-2155,2027-01-21,Credit,Travel,Uber,Airport Ride,-92.82,USD,Cleared,Merchant_3,BIZ-TRAV,Travel_Q1,124468.08
TXN-2156,2027-01-21,Checking,Business,Software,SaaS Subscription,-131.22,USD,Cleared,Merchant_45,BIZ-EXP,Project_Alpha,124336.86
TXN-2157,2027-01-21,Credit,Food,Groceries,Weekly Shop,-20.39,USD,Cleared,Merchant_11,FOOD-01,Living,124316.47
TXN-2158,2027-01-22,Checking,Healthcare,Pharmacy,Medical Supplies,-92.76,USD,Cleared,Merchant_43,MED-01,Wellness,124223.71
TXN-2159,2027-01-22,Checking,Lifestyle,Entertainment,Cinema/Streaming,-15.6,USD,Cleared,Merchant_48,ENT-01,Personal,124208.11
TXN-2160,2027-01-22,Credit,Food,Groceries,Weekly Shop,-15.06,USD,Cleared,Merchant_27,FOOD-01,Living,124193.05
TXN-2161,2027-01-23,Checking,Food,Groceries,Weekly Shop,-18.66,USD,Cleared,Merchant_11,FOOD-01,Living,124174.39
TXN-2162,2027-01-23,Credit,Business,Software,SaaS Subscription,-30.37,USD,Cleared,Merchant_40,BIZ-EXP,Project_Alpha,124144.02
TXN-2163,2027-01-23,Checking,Travel,Uber,Airport Ride,-92.76,USD,Cleared,Merchant_42,BIZ-TRAV,Travel_Q1,124051.26
TXN-2164,2027-01-24,Checking,Transport,Fuel,Gas Station,-76.11,USD,Cleared,Merchant_18,TRA-01,Commute,123975.15
TXN-2165,2027-01-24,Checking,Food,Groceries,Weekly Shop,-42.74,USD,Cleared,Merchant_8,FOOD-01,Living,123932.41
TXN-2166,2027-01-24,Checking,Lifestyle,Entertainment,Cinema/Streaming,-29.51,USD,Cleared,Merchant_46,ENT-01,Personal,123902.90
TXN-2167,2027-01-25,Credit,Transport,Fuel,Gas Station,-115.21,USD,Cleared,Merchant_29,TRA-01,Commute,123787.69
TXN-2168,2027-01-25,Credit,Food,Groceries,Weekly Shop,-138.65,USD,Cleared,Merchant_25,FOOD-01,Living,123649.04
TXN-2169,2027-01-25,Checking,Lifestyle,Entertainment,Cinema/Streaming,-47.06,USD,Cleared,Merchant_47,ENT-01,Personal,123601.98
TXN-2170,2027-01-26,Checking,Income,Salary,Monthly Payroll,5500,USD,Cleared,Merchant_19,INC-01,Core,129101.98
TXN-2171,2027-01-26,Checking,Lifestyle,Entertainment,Cinema/Streaming,-143.56,USD,Cleared,Merchant_12,ENT-01,Personal,128958.42
TXN-2172,2027-01-26,Credit,Business,Software,SaaS Subscription,-34.09,USD,Cleared,Merchant_11,BIZ-EXP,Project_Alpha,128924.33
TXN-2173,2027-01-27,Credit,Lifestyle,Entertainment,Cinema/Streaming,-61.67,USD,Cleared,Merchant_22,ENT-01,Personal,128862.66
TXN-2174,2027-01-27,Checking,Transport,Fuel,Gas Station,-17.7,USD,Cleared,Merchant_25,TRA-01,Commute,128844.96
TXN-2175,2027-01-27,Credit,Transport,Fuel,Gas Station,-40.97,USD,Cleared,Merchant_2,TRA-01,Commute,128803.99
TXN-2176,2027-01-28,Checking,Dining,Restaurant,Client Lunch,-81.68,USD,Cleared,Merchant_8,BIZ-MEAL,Sales,128722.31
TXN-2177,2027-01-28,Checking,Food,Groceries,Weekly Shop,-129.71,USD,Cleared,Merchant_7,FOOD-01,Living,128592.60
TXN-2178,2027-01-28,Checking,Travel,Uber,Airport Ride,-102.14,USD,Cleared,Merchant_25,BIZ-TRAV,Travel_Q1,128490.46
TXN-2179,2027-01-29,Checking,Food,Groceries,Weekly Shop,-41.17,USD,Cleared,Merchant_4,FOOD-01,Living,128449.29
TXN-2180,2027-01-29,Checking,Travel,Uber,Airport Ride,-22.77,USD,Cleared,Merchant_18,BIZ-TRAV,Travel_Q1,128426.52
TXN-2181,2027-01-29,Credit,Travel,Uber,Airport Ride,-78.29,USD,Cleared,Merchant_35,BIZ-TRAV,Travel_Q1,128348.23
TXN-2182,2027-01-30,Credit,Dining,Restaurant,Client Lunch,-123.47,USD,Cleared,Merchant_37,BIZ-MEAL,Sales,128224.76
TXN-2183,2027-01-30,Checking,Food,Groceries,Weekly Shop,-113.21,USD,Cleared,Merchant_41,FOOD-01,Living,128111.55
TXN-2184,2027-01-30,Credit,Lifestyle,Entertainment,Cinema/Streaming,-32.27,USD,Cleared,Merchant_48,ENT-01,Personal,128079.28
TXN-2185,2027-01-31,Checking,Dining,Restaurant,Client Lunch,-66.24,USD,Cleared,Merchant_38,BIZ-MEAL,Sales,128013.04
TXN-2186,2027-01-31,Credit,Healthcare,Pharmacy,Medical Supplies,-113.75,USD,Cleared,Merchant_18,MED-01,Wellness,127899.29
TXN-2187,2027-01-31,Checking,Food,Groceries,Weekly Shop,-74.49,USD,Cleared,Merchant_3,FOOD-01,Living,127824.80
TXN-2188,2027-02-01,Credit,Business,Software,SaaS Subscription,-51.59,USD,Cleared,Merchant_4,BIZ-EXP,Project_Alpha,127773.21
TXN-2189,2027-02-01,Credit,Business,Software,SaaS Subscription,-147.95,USD,Cleared,Merchant_9,BIZ-EXP,Project_Alpha,127625.26
TXN-2190,2027-02-01,Credit,Healthcare,Pharmacy,Medical Supplies,-85.16,USD,Cleared,Merchant_2,MED-01,Wellness,127540.10
TXN-2191,2027-02-02,Checking,Healthcare,Pharmacy,Medical Supplies,-65.69,USD,Cleared,Merchant_19,MED-01,Wellness,127474.41
TXN-2192,2027-02-02,Checking,Lifestyle,Entertainment,Cinema/Streaming,-12.97,USD,Cleared,Merchant_20,ENT-01,Personal,127461.44
TXN-2193,2027-02-02,Checking,Transport,Fuel,Gas Station,-108.99,USD,Cleared,Merchant_41,TRA-01,Commute,127352.45
TXN-2194,2027-02-03,Credit,Healthcare,Pharmacy,Medical Supplies,-80.78,USD,Cleared,Merchant_11,MED-01,Wellness,127271.67
TXN-2195,2027-02-03,Credit,Food,Groceries,Weekly Shop,-88.79,USD,Cleared,Merchant_10,FOOD-01,Living,127182.88
TXN-2196,2027-02-03,Credit,Transport,Fuel,Gas Station,-145.59,USD,Cleared,Merchant_24,TRA-01,Commute,127037.29
TXN-2197,2027-02-04,Checking,Dining,Restaurant,Client Lunch,-77.55,USD,Cleared,Merchant_34,BIZ-MEAL,Sales,126959.74
TXN-2198,2027-02-04,Credit,Business,Software,SaaS Subscription,-147.78,USD,Cleared,Merchant_14,BIZ-EXP,Project_Alpha,126811.96
TXN-2199,2027-02-04,Credit,Lifestyle,Entertainment,Cinema/Streaming,-95.76,USD,Cleared,Merchant_16,ENT-01,Personal,126716.20
TXN-2200,2027-02-05,Checking,Income,Salary,Monthly Payroll,5500,USD,Cleared,Merchant_0,INC-01,Core,132216.20
TXN-2201,2027-02-05,Credit,Food,Groceries,Weekly Shop,-50.68,USD,Cleared,Merchant_15,FOOD-01,Living,132165.52
TXN-2202,2027-02-05,Credit,Transport,Fuel,Gas Station,-138.5,USD,Cleared,Merchant_43,TRA-01,Commute,132027.02
TXN-2203,2027-02-06,Credit,Transport,Fuel,Gas Station,-75.24,USD,Cleared,Merchant_14,TRA-01,Commute,131951.78
TXN-2204,2027-02-06,Checking,Dining,Restaurant,Client Lunch,-52.43,USD,Cleared,Merchant_20,BIZ-MEAL,Sales,131899.35
TXN-2205,2027-02-06,Checking,Travel,Uber,Airport Ride,-60.17,USD,Cleared,Merchant_43,BIZ-TRAV,Travel_Q1,131839.18
TXN-2206,2027-02-07,Credit,Transport,Fuel,Gas Station,-79.14,USD,Cleared,Merchant_34,TRA-01,Commute,131760.04
TXN-2207,2027-02-07,Checking,Transport,Fuel,Gas Station,-33.13,USD,Cleared,Merchant_45,TRA-01,Commute,131726.91
TXN-2208,2027-02-07,Credit,Healthcare,Pharmacy,Medical Supplies,-135.76,USD,Cleared,Merchant_41,MED-01,Wellness,131591.15
TXN-2209,2027-02-08,Checking,Healthcare,Pharmacy,Medical Supplies,-117.09,USD,Cleared,Merchant_43,MED-01,Wellness,131474.06
TXN-2210,2027-02-08,Checking,Food,Groceries,Weekly Shop,-134.91,USD,Cleared,Merchant_22,FOOD-01,Living,131339.15
TXN-2211,2027-02-08,Checking,Transport,Fuel,Gas Station,-18.87,USD,Cleared,Merchant_6,TRA-01,Commute,131320.28
TXN-2212,2027-02-09,Credit,Travel,Uber,Airport Ride,-84.31,USD,Cleared,Merchant_45,BIZ-TRAV,Travel_Q1,131235.97
TXN-2213,2027-02-09,Credit,Lifestyle,Entertainment,Cinema/Streaming,-118.46,USD,Cleared,Merchant_39,ENT-01,Personal,131117.51
TXN-2214,2027-02-09,Credit,Lifestyle,Entertainment,Cinema/Streaming,-48.57,USD,Cleared,Merchant_4,ENT-01,Personal,131068.94
TXN-2215,2027-02-10,Credit,Healthcare,Pharmacy,Medical Supplies,-101.77,USD,Cleared,Merchant_41,MED-01,Wellness,130967.17
TXN-2216,2027-02-10,Checking,Business,Software,SaaS Subscription,-37.78,USD,Cleared,Merchant_27,BIZ-EXP,Project_Alpha,130929.39
TXN-2217,2027-02-10,Credit,Dining,Restaurant,Client Lunch,-112.69,USD,Cleared,Merchant_29,BIZ-MEAL,Sales,130816.70
TXN-2218,2027-02-11,Credit,Healthcare,Pharmacy,Medical Supplies,-14.59,USD,Cleared,Merchant_8,MED-01,Wellness,130802.11
TXN-2219,2027-02-11,Credit,Travel,Uber,Airport Ride,-101.69,USD,Cleared,Merchant_18,BIZ-TRAV,Travel_Q1,130700.42
TXN-2220,2027-02-11,Credit,Lifestyle,Entertainment,Cinema/Streaming,-62.3,USD,Cleared,Merchant_30,ENT-01,Personal,130638.12
TXN-2221,2027-02-12,Credit,Business,Software,SaaS Subscription,-41.93,USD,Cleared,Merchant_22,BIZ-EXP,Project_Alpha,130596.19
TXN-2222,2027-02-12,Credit,Travel,Uber,Airport Ride,-19.15,USD,Cleared,Merchant_42,BIZ-TRAV,Travel_Q1,130577.04
TXN-2223,2027-02-12,Credit,Travel,Uber,Airport Ride,-107.97,USD,Cleared,Merchant_3,BIZ-TRAV,Travel_Q1,130469.07
TXN-2224,2027-02-13,Checking,Transport,Fuel,Gas Station,-47.51,USD,Cleared,Merchant_42,TRA-01,Commute,130421.56
TXN-2225,2027-02-13,Checking,Dining,Restaurant,Client Lunch,-127.04,USD,Cleared,Merchant_28,BIZ-MEAL,Sales,130294.52
TXN-2226,2027-02-13,Credit,Healthcare,Pharmacy,Medical Supplies,-133.3,USD,Cleared,Merchant_25,MED-01,Wellness,130161.22
TXN-2227,2027-02-14,Credit,Dining,Restaurant,Client Lunch,-62.04,USD,Cleared,Merchant_29,BIZ-MEAL,Sales,130099.18
TXN-2228,2027-02-14,Credit,Transport,Fuel,Gas Station,-116.28,USD,Cleared,Merchant_9,TRA-01,Commute,129982.90
TXN-2229,2027-02-14,Checking,Transport,Fuel,Gas Station,-72.32,USD,Cleared,Merchant_48,TRA-01,Commute,129910.58
TXN-2230,2027-02-15,Checking,Income,Salary,Monthly Payroll,5500,USD,Cleared,Merchant_12,INC-01,Core,135410.58
TXN-2231,2027-02-15,Credit,Lifestyle,Entertainment,Cinema/Streaming,-13.98,USD,Cleared,Merchant_5,ENT-01,Personal,135396.60
TXN-2232,2027-02-15,Credit,Lifestyle,Entertainment,Cinema/Streaming,-122.46,USD,Cleared,Merchant_39,ENT-01,Personal,135274.14
TXN-2233,2027-02-16,Credit,Business,Software,SaaS Subscription,-84.78,USD,Cleared,Merchant_27,BIZ-EXP,Project_Alpha,135189.36
TXN-2234,2027-02-16,Checking,Food,Groceries,Weekly Shop,-103.85,USD,Cleared,Merchant_24,FOOD-01,Living,135085.51
TXN-2235,2027-02-16,Credit,Transport,Fuel,Gas Station,-148.81,USD,Cleared,Merchant_46,TRA-01,Commute,134936.70
TXN-2236,2027-02-17,Checking,Food,Groceries,Weekly Shop,-138.01,USD,Cleared,Merchant_46,FOOD-01,Living,134798.69
TXN-2237,2027-02-17,Checking,Food,Groceries,Weekly Shop,-96.66,USD,Cleared,Merchant_36,FOOD-01,Living,134702.03
TXN-2238,2027-02-17,Credit,Lifestyle,Entertainment,Cinema/Streaming,-70.71,USD,Cleared,Merchant_12,ENT-01,Personal,134631.32
TXN-2239,2027-02-18,Credit,Dining,Restaurant,Client Lunch,-14.31,USD,Cleared,Merchant_31,BIZ-MEAL,Sales,134617.01
TXN-2240,2027-02-18,Checking,Food,Groceries,Weekly Shop,-86.95,USD,Cleared,Merchant_19,FOOD-01,Living,134530.06
TXN-2241,2027-02-18,Checking,Transport,Fuel,Gas Station,-57.58,USD,Cleared,Merchant_11,TRA-01,Commute,134472.48
TXN-2242,2027-02-19,Checking,Healthcare,Pharmacy,Medical Supplies,-14.94,USD,Cleared,Merchant_41,MED-01,Wellness,134457.54
TXN-2243,2027-02-19,Credit,Dining,Restaurant,Client Lunch,-81.06,USD,Cleared,Merchant_41,BIZ-MEAL,Sales,134376.48
TXN-2244,2027-02-19,Credit,Dining,Restaurant,Client Lunch,-85,USD,Cleared,Merchant_18,BIZ-MEAL,Sales,134291.48
TXN-2245,2027-02-20,Checking,Travel,Uber,Airport Ride,-120.41,USD,Cleared,Merchant_49,BIZ-TRAV,Travel_Q1,134171.07
TXN-2246,2027-02-20,Checking,Travel,Uber,Airport Ride,-48.17,USD,Cleared,Merchant_49,BIZ-TRAV,Travel_Q1,134122.90
TXN-2247,2027-02-20,Checking,Business,Software,SaaS Subscription,-112.04,USD,Cleared,Merchant_46,BIZ-EXP,Project_Alpha,134010.86
TXN-2248,2027-02-21,Credit,Lifestyle,Entertainment,Cinema/Streaming,-112.3,USD,Cleared,Merchant_25,ENT-01,Personal,133898.56
TXN-2249,2027-02-21,Checking,Dining,Restaurant,Client Lunch,-18.09,USD,Cleared,Merchant_21,BIZ-MEAL,Sales,133880.47
TXN-2250,2027-02-21,Checking,Business,Software,SaaS Subscription,-90.59,USD,Cleared,Merchant_26,BIZ-EXP,Project_Alpha,133789.88
TXN-2251,2027-02-22,Credit,Business,Software,SaaS Subscription,-113.51,USD,Cleared,Merchant_7,BIZ-EXP,Project_Alpha,133676.37
TXN-2252,2027-02-22,Credit,Food,Groceries,Weekly Shop,-24.21,USD,Cleared,Merchant_8,FOOD-01,Living,133652.16
TXN-2253,2027-02-22,Checking,Transport,Fuel,Gas Station,-36.53,USD,Cleared,Merchant_47,TRA-01,Commute,133615.63
TXN-2254,2027-02-23,Credit,Lifestyle,Entertainment,Cinema/Streaming,-101.65,USD,Cleared,Merchant_44,ENT-01,Personal,133513.98
TXN-2255,2027-02-23,Credit,Travel,Uber,Airport Ride,-107.73,USD,Cleared,Merchant_3,BIZ-TRAV,Travel_Q1,133406.25
TXN-2256,2027-02-23,Credit,Healthcare,Pharmacy,Medical Supplies,-85.83,USD,Cleared,Merchant_19,MED-01,Wellness,133320.42
TXN-2257,2027-02-24,Checking,Transport,Fuel,Gas Station,-118.31,USD,Cleared,Merchant_0,TRA-01,Commute,133202.11
TXN-2258,2027-02-24,Checking,Healthcare,Pharmacy,Medical Supplies,-41.62,USD,Cleared,Merchant_17,MED-01,Wellness,133160.49
TXN-2259,2027-02-24,Checking,Lifestyle,Entertainment,Cinema/Streaming,-26.29,USD,Cleared,Merchant_26,ENT-01,Personal,133134.20
TXN-2260,2027-02-25,Checking,Income,Salary,Monthly Payroll,5500,USD,Cleared,Merchant_38,INC-01,Core,138634.20
TXN-2261,2027-02-25,Checking,Lifestyle,Entertainment,Cinema/Streaming,-44.5,USD,Cleared,Merchant_30,ENT-01,Personal,138589.70
TXN-2262,2027-02-25,Checking,Dining,Restaurant,Client Lunch,-146.72,USD,Cleared,Merchant_8,BIZ-MEAL,Sales,138442.98
TXN-2263,2027-02-26,Credit,Travel,Uber,Airport Ride,-144.42,USD,Cleared,Merchant_34,BIZ-TRAV,Travel_Q1,138298.56
TXN-2264,2027-02-26,Credit,Dining,Restaurant,Client Lunch,-25.87,USD,Cleared,Merchant_13,BIZ-MEAL,Sales,138272.69
TXN-2265,2027-02-26,Credit,Food,Groceries,Weekly Shop,-40.92,USD,Cleared,Merchant_3,FOOD-01,Living,138231.77
TXN-2266,2027-02-27,Checking,Lifestyle,Entertainment,Cinema/Streaming,-11.45,USD,Cleared,Merchant_36,ENT-01,Personal,138220.32
TXN-2267,2027-02-27,Checking,Transport,Fuel,Gas Station,-135.13,USD,Cleared,Merchant_0,TRA-01,Commute,138085.19
TXN-2268,2027-02-27,Checking,Healthcare,Pharmacy,Medical Supplies,-96.03,USD,Cleared,Merchant_18,MED-01,Wellness,137989.16
TXN-2269,2027-02-28,Checking,Food,Groceries,Weekly Shop,-101.66,USD,Cleared,Merchant_39,FOOD-01,Living,137887.50
TXN-2270,2027-02-28,Checking,Travel,Uber,Airport Ride,-81.38,USD,Cleared,Merchant_31,BIZ-TRAV,Travel_Q1,137806.12
TXN-2271,2027-02-28,Checking,Business,Software,SaaS Subscription,-40.53,USD,Cleared,Merchant_31,BIZ-EXP,Project_Alpha,137765.59
TXN-2272,2027-03-01,Checking,Healthcare,Pharmacy,Medical Supplies,-36.43,USD,Cleared,Merchant_33,MED-01,Wellness,137729.16
TXN-2273,2027-03-01,Checking,Business,Software,SaaS Subscription,-86.26,USD,Cleared,Merchant_28,BIZ-EXP,Project_Alpha,137642.90
TXN-2274,2027-03-01,Checking,Food,Groceries,Weekly Shop,-81.63,USD,Cleared,Merchant_8,FOOD-01,Living,137561.27
TXN-2275,2027-03-02,Checking,Healthcare,Pharmacy,Medical Supplies,-29.42,USD,Cleared,Merchant_31,MED-01,Wellness,137531.85
TXN-2276,2027-03-02,Credit,Healthcare,Pharmacy,Medical Supplies,-135.35,USD,Cleared,Merchant_8,MED-01,Wellness,137396.50
TXN-2277,2027-03-02,Checking,Dining,Restaurant,Client Lunch,-129.26,USD,Cleared,Merchant_41,BIZ-MEAL,Sales,137267.24
TXN-2278,2027-03-03,Credit,Healthcare,Pharmacy,Medical Supplies,-129.51,USD,Cleared,Merchant_20,MED-01,Wellness,137137.73
TXN-2279,2027-03-03,Credit,Travel,Uber,Airport Ride,-91.51,USD,Cleared,Merchant_38,BIZ-TRAV,Travel_Q1,137046.22
TXN-2280,2027-03-03,Credit,Healthcare,Pharmacy,Medical Supplies,-77,USD,Cleared,Merchant_6,MED-01,Wellness,136969.22
TXN-2281,2027-03-04,Credit,Healthcare,Pharmacy,Medical Supplies,-92.88,USD,Cleared,Merchant_33,MED-01,Wellness,136876.34
TXN-2282,2027-03-04,Checking,Food,Groceries,Weekly Shop,-77.39,USD,Cleared,Merchant_36,FOOD-01,Living,136798.95
TXN-2283,2027-03-04,Credit,Healthcare,Pharmacy,Medical Supplies,-120.5,USD,Cleared,Merchant_41,MED-01,Wellness,136678.45
TXN-2284,2027-03-05,Credit,Travel,Uber,Airport Ride,-140.36,USD,Cleared,Merchant_19,BIZ-TRAV,Travel_Q1,136538.09
TXN-2285,2027-03-05,Checking,Transport,Fuel,Gas Station,-98.64,USD,Cleared,Merchant_18,TRA-01,Commute,136439.45
TXN-2286,2027-03-05,Checking,Dining,Restaurant,Client Lunch,-61.99,USD,Cleared,Merchant_14,BIZ-MEAL,Sales,136377.46
TXN-2287,2027-03-06,Checking,Business,Software,SaaS Subscription,-52.75,USD,Cleared,Merchant_25,BIZ-EXP,Project_Alpha,136324.71
TXN-2288,2027-03-06,Credit,Transport,Fuel,Gas Station,-149,USD,Cleared,Merchant_32,TRA-01,Commute,136175.71
TXN-2289,2027-03-06,Checking,Transport,Fuel,Gas Station,-111.84,USD,Cleared,Merchant_1,TRA-01,Commute,136063.87
TXN-2290,2027-03-07,Checking,Income,Salary,Monthly Payroll,5500,USD,Cleared,Merchant_47,INC-01,Core,141563.87
TXN-2291,2027-03-07,Checking,Lifestyle,Entertainment,Cinema/Streaming,-86.1,USD,Cleared,Merchant_32,ENT-01,Personal,141477.77
TXN-2292,2027-03-07,Credit,Travel,Uber,Airport Ride,-134.04,USD,Cleared,Merchant_31,BIZ-TRAV,Travel_Q1,141343.73
TXN-2293,2027-03-08,Checking,Business,Software,SaaS Subscription,-14.43,USD,Cleared,Merchant_8,BIZ-EXP,Project_Alpha,141329.30
TXN-2294,2027-03-08,Checking,Food,Groceries,Weekly Shop,-97.42,USD,Cleared,Merchant_12,FOOD-01,Living,141231.88
TXN-2295,2027-03-08,Checking,Dining,Restaurant,Client Lunch,-12.34,USD,Cleared,Merchant_30,BIZ-MEAL,Sales,141219.54
TXN-2296,2027-03-09,Checking,Transport,Fuel,Gas Station,-15.08,USD,Cleared,Merchant_47,TRA-01,Commute,141204.46
TXN-2297,2027-03-09,Credit,Business,Software,SaaS Subscription,-18.39,USD,Cleared,Merchant_26,BIZ-EXP,Project_Alpha,141186.07
TXN-2298,2027-03-09,Checking,Transport,Fuel,Gas Station,-110.67,USD,Cleared,Merchant_28,TRA-01,Commute,141075.40
TXN-2299,2027-03-10,Credit,Business,Software,SaaS Subscription,-126.13,USD,Cleared,Merchant_35,BIZ-EXP,Project_Alpha,140949.27
TXN-2300,2027-03-10,Checking,Dining,Restaurant,Client Lunch,-103.65,USD,Cleared,Merchant_3,BIZ-MEAL,Sales,140845.62
TXN-2301,2027-03-10,Credit,Travel,Uber,Airport Ride,-75.89,USD,Cleared,Merchant_1,BIZ-TRAV,Travel_Q1,140769.73
TXN-2302,2027-03-11,Credit,Business,Software,SaaS Subscription,-74.74,USD,Cleared,Merchant_20,BIZ-EXP,Project_Alpha,140694.99
TXN-2303,2027-03-11,Checking,Healthcare,Pharmacy,Medical Supplies,-140.67,USD,Cleared,Merchant_33,MED-01,Wellness,140554.32
TXN-2304,2027-03-11,Credit,Food,Groceries,Weekly Shop,-100.14,USD,Cleared,Merchant_27,FOOD-01,Living,140454.18
TXN-2305,2027-03-12,Checking,Travel,Uber,Airport Ride,-110.82,USD,Cleared,Merchant_38,BIZ-TRAV,Travel_Q1,140343.36
TXN-2306,2027-03-12,Credit,Dining,Restaurant,Client Lunch,-10.61,USD,Cleared,Merchant_49,BIZ-MEAL,Sales,140332.75
TXN-2307,2027-03-12,Credit,Travel,Uber,Airport Ride,-132.74,USD,Cleared,Merchant_21,BIZ-TRAV,Travel_Q1,140200.01
TXN-2308,2027-03-13,Credit,Food,Groceries,Weekly Shop,-120.13,USD,Cleared,Merchant_33,FOOD-01,Living,140079.88
TXN-2309,2027-03-13,Checking,Business,Software,SaaS Subscription,-100.1,USD,Cleared,Merchant_6,BIZ-EXP,Project_Alpha,139979.78
TXN-2310,2027-03-13,Checking,Transport,Fuel,Gas Station,-133.57,USD,Cleared,Merchant_12,TRA-01,Commute,139846.21
TXN-2311,2027-03-14,Checking,Dining,Restaurant,Client Lunch,-38.52,USD,Cleared,Merchant_40,BIZ-MEAL,Sales,139807.69
TXN-2312,2027-03-14,Credit,Dining,Restaurant,Client Lunch,-141.26,USD,Cleared,Merchant_42,BIZ-MEAL,Sales,139666.43
TXN-2313,2027-03-14,Checking,Lifestyle,Entertainment,Cinema/Streaming,-19.13,USD,Cleared,Merchant_28,ENT-01,Personal,139647.30
TXN-2314,2027-03-15,Credit,Food,Groceries,Weekly Shop,-47.7,USD,Cleared,Merchant_0,FOOD-01,Living,139599.60
TXN-2315,2027-03-15,Checking,Travel,Uber,Airport Ride,-60.25,USD,Cleared,Merchant_2,BIZ-TRAV,Travel_Q1,139539.35
TXN-2316,2027-03-15,Credit,Healthcare,Pharmacy,Medical Supplies,-60.74,USD,Cleared,Merchant_42,MED-01,Wellness,139478.61
TXN-2317,2027-03-16,Checking,Travel,Uber,Airport Ride,-11.36,USD,Cleared,Merchant_39,BIZ-TRAV,Travel_Q1,139467.25
TXN-2318,2027-03-16,Checking,Travel,Uber,Airport Ride,-132.42,USD,Cleared,Merchant_44,BIZ-TRAV,Travel_Q1,139334.83
TXN-2319,2027-03-16,Checking,Transport,Fuel,Gas Station,-40.37,USD,Cleared,Merchant_42,TRA-01,Commute,139294.46
TXN-2320,2027-03-17,Checking,Income,Salary,Monthly Payroll,5500,USD,Cleared,Merchant_2,INC-01,Core,144794.46
TXN-2321,2027-03-17,Credit,Lifestyle,Entertainment,Cinema/Streaming,-47.66,USD,Cleared,Merchant_31,ENT-01,Personal,144746.80
TXN-2322,2027-03-17,Checking,Healthcare,Pharmacy,Medical Supplies,-21.64,USD,Cleared,Merchant_19,MED-01,Wellness,144725.16
TXN-2323,2027-03-18,Credit,Healthcare,Pharmacy,Medical Supplies,-13.71,USD,Cleared,Merchant_29,MED-01,Wellness,144711.45
TXN-2324,2027-03-18,Checking,Travel,Uber,Airport Ride,-100.4,USD,Cleared,Merchant_33,BIZ-TRAV,Travel_Q1,144611.05
TXN-2325,2027-03-18,Checking,Lifestyle,Entertainment,Cinema/Streaming,-30.86,USD,Cleared,Merchant_38,ENT-01,Personal,144580.19
TXN-2326,2027-03-19,Credit,Lifestyle,Entertainment,Cinema/Streaming,-62.89,USD,Cleared,Merchant_7,ENT-01,Personal,144517.30
TXN-2327,2027-03-19,Credit,Lifestyle,Entertainment,Cinema/Streaming,-80.12,USD,Cleared,Merchant_37,ENT-01,Personal,144437.18
TXN-2328,2027-03-19,Credit,Food,Groceries,Weekly Shop,-21.49,USD,Cleared,Merchant_34,FOOD-01,Living,144415.69
TXN-2329,2027-03-20,Checking,Lifestyle,Entertainment,Cinema/Streaming,-67.59,USD,Cleared,Merchant_23,ENT-01,Personal,144348.10
TXN-2330,2027-03-20,Checking,Healthcare,Pharmacy,Medical Supplies,-113.18,USD,Cleared,Merchant_18,MED-01,Wellness,144234.92
TXN-2331,2027-03-20,Checking,Travel,Uber,Airport Ride,-27.49,USD,Cleared,Merchant_13,BIZ-TRAV,Travel_Q1,144207.43
TXN-2332,2027-03-21,Checking,Travel,Uber,Airport Ride,-28.4,USD,Cleared,Merchant_27,BIZ-TRAV,Travel_Q1,144179.03
TXN-2333,2027-03-21,Checking,Food,Groceries,Weekly Shop,-50,USD,Cleared,Merchant_31,FOOD-01,Living,144129.03
TXN-2334,2027-03-21,Checking,Travel,Uber,Airport Ride,-46.64,USD,Cleared,Merchant_2,BIZ-TRAV,Travel_Q1,144082.39
TXN-2335,2027-03-22,Checking,Business,Software,SaaS Subscription,-60.95,USD,Cleared,Merchant_31,BIZ-EXP,Project_Alpha,144021.44
TXN-2336,2027-03-22,Checking,Healthcare,Pharmacy,Medical Supplies,-54.71,USD,Cleared,Merchant_14,MED-01,Wellness,143966.73
TXN-2337,2027-03-22,Credit,Food,Groceries,Weekly Shop,-47.34,USD,Cleared,Merchant_34,FOOD-01,Living,143919.39
TXN-2338,2027-03-23,Credit,Dining,Restaurant,Client Lunch,-58.52,USD,Cleared,Merchant_46,BIZ-MEAL,Sales,143860.87
TXN-2339,2027-03-23,Credit,Lifestyle,Entertainment,Cinema/Streaming,-89.85,USD,Cleared,Merchant_41,ENT-01,Personal,143771.02
TXN-2340,2027-03-23,Credit,Business,Software,SaaS Subscription,-85.64,USD,Cleared,Merchant_9,BIZ-EXP,Project_Alpha,143685.38
TXN-2341,2027-03-24,Checking,Business,Software,SaaS Subscription,-113.62,USD,Cleared,Merchant_0,BIZ-EXP,Project_Alpha,143571.76
TXN-2342,2027-03-24,Checking,Food,Groceries,Weekly Shop,-126.33,USD,Cleared,Merchant_47,FOOD-01,Living,143445.43
TXN-2343,2027-03-24,Checking,Lifestyle,Entertainment,Cinema/Streaming,-133.66,USD,Cleared,Merchant_46,ENT-01,Personal,143311.77
TXN-2344,2027-03-25,Credit,Transport,Fuel,Gas Station,-120.34,USD,Cleared,Merchant_7,TRA-01,Commute,143191.43
TXN-2345,2027-03-25,Checking,Healthcare,Pharmacy,Medical Supplies,-110.52,USD,Cleared,Merchant_21,MED-01,Wellness,143080.91
TXN-2346,2027-03-25,Checking,Business,Software,SaaS Subscription,-77.81,USD,Cleared,Merchant_7,BIZ-EXP,Project_Alpha,143003.10
TXN-2347,2027-03-26,Checking,Dining,Restaurant,Client Lunch,-73.88,USD,Cleared,Merchant_9,BIZ-MEAL,Sales,142929.22
TXN-2348,2027-03-26,Checking,Dining,Restaurant,Client Lunch,-96.12,USD,Cleared,Merchant_5,BIZ-MEAL,Sales,142833.10
TXN-2349,2027-03-26,Credit,Transport,Fuel,Gas Station,-11.32,USD,Cleared,Merchant_3,TRA-01,Commute,142821.78
TXN-2350,2027-03-27,Checking,Income,Salary,Monthly Payroll,5500,USD,Cleared,Merchant_40,INC-01,Core,148321.78
TXN-2351,2027-03-27,Credit,Healthcare,Pharmacy,Medical Supplies,-74.16,USD,Cleared,Merchant_48,MED-01,Wellness,148247.62
TXN-2352,2027-03-27,Checking,Business,Software,SaaS Subscription,-10.76,USD,Cleared,Merchant_40,BIZ-EXP,Project_Alpha,148236.86
TXN-2353,2027-03-28,Credit,Travel,Uber,Airport Ride,-59.63,USD,Cleared,Merchant_44,BIZ-TRAV,Travel_Q1,148177.23
TXN-2354,2027-03-28,Credit,Food,Groceries,Weekly Shop,-105.98,USD,Cleared,Merchant_0,FOOD-01,Living,148071.25
TXN-2355,2027-03-28,Credit,Business,Software,SaaS Subscription,-28.47,USD,Cleared,Merchant_38,BIZ-EXP,Project_Alpha,148042.78
TXN-2356,2027-03-29,Credit,Transport,Fuel,Gas Station,-113.42,USD,Cleared,Merchant_24,TRA-01,Commute,147929.36
TXN-2357,2027-03-29,Credit,Healthcare,Pharmacy,Medical Supplies,-16.12,USD,Cleared,Merchant_4,MED-01,Wellness,147913.24
TXN-2358,2027-03-29,Checking,Healthcare,Pharmacy,Medical Supplies,-76.97,USD,Cleared,Merchant_15,MED-01,Wellness,147836.27
TXN-2359,2027-03-30,Checking,Dining,Restaurant,Client Lunch,-58.71,USD,Cleared,Merchant_0,BIZ-MEAL,Sales,147777.56
TXN-2360,2027-03-30,Checking,Transport,Fuel,Gas Station,-62.09,USD,Cleared,Merchant_22,TRA-01,Commute,147715.47
TXN-2361,2027-03-30,Credit,Transport,Fuel,Gas Station,-44.37,USD,Cleared,Merchant_33,TRA-01,Commute,147671.10
TXN-2362,2027-03-31,Checking,Lifestyle,Entertainment,Cinema/Streaming,-71.72,USD,Cleared,Merchant_30,ENT-01,Personal,147599.38
TXN-2363,2027-03-31,Credit,Travel,Uber,Airport Ride,-141.46,USD,Cleared,Merchant_9,BIZ-TRAV,Travel_Q1,147457.92
TXN-2364,2027-03-31,Checking,Travel,Uber,Airport Ride,-146.75,USD,Cleared,Merchant_19,BIZ-TRAV,Travel_Q1,147311.17
TXN-2365,2027-04-01,Checking,Transport,Fuel,Gas Station,-105.32,USD,Cleared,Merchant_19,TRA-01,Commute,147205.85
TXN-2366,2027-04-01,Checking,Healthcare,Pharmacy,Medical Supplies,-23.15,USD,Cleared,Merchant_20,MED-01,Wellness,147182.70
TXN-2367,2027-04-01,Checking,Travel,Uber,Airport Ride,-95.06,USD,Cleared,Merchant_6,BIZ-TRAV,Travel_Q1,147087.64
TXN-2368,2027-04-02,Credit,Dining,Restaurant,Client Lunch,-119.12,USD,Cleared,Merchant_12,BIZ-MEAL,Sales,146968.52
TXN-2369,2027-04-02,Checking,Healthcare,Pharmacy,Medical Supplies,-136.33,USD,Cleared,Merchant_21,MED-01,Wellness,146832.19
TXN-2370,2027-04-02,Checking,Business,Software,SaaS Subscription,-27.05,USD,Cleared,Merchant_7,BIZ-EXP,Project_Alpha,146805.14
TXN-2371,2027-04-03,Checking,Travel,Uber,Airport Ride,-131.01,USD,Cleared,Merchant_46,BIZ-TRAV,Travel_Q1,146674.13
TXN-2372,2027-04-03,Credit,Dining,Restaurant,Client Lunch,-40.66,USD,Cleared,Merchant_49,BIZ-MEAL,Sales,146633.47
TXN-2373,2027-04-03,Credit,Lifestyle,Entertainment,Cinema/Streaming,-100.47,USD,Cleared,Merchant_14,ENT-01,Personal,146533.00
TXN-2374,2027-04-04,Checking,Lifestyle,Entertainment,Cinema/Streaming,-72.36,USD,Cleared,Merchant_7,ENT-01,Personal,146460.64
TXN-2375,2027-04-04,Credit,Business,Software,SaaS Subscription,-11.86,USD,Cleared,Merchant_5,BIZ-EXP,Project_Alpha,146448.78
TXN-2376,2027-04-04,Credit,Food,Groceries,Weekly Shop,-71.68,USD,Cleared,Merchant_24,FOOD-01,Living,146377.10
TXN-2377,2027-04-05,Checking,Dining,Restaurant,Client Lunch,-43.98,USD,Cleared,Merchant_25,BIZ-MEAL,Sales,146333.12
TXN-2378,2027-04-05,Checking,Travel,Uber,Airport Ride,-38.71,USD,Cleared,Merchant_30,BIZ-TRAV,Travel_Q1,146294.41
TXN-2379,2027-04-05,Credit,Transport,Fuel,Gas Station,-125.77,USD,Cleared,Merchant_7,TRA-01,Commute,146168.64
TXN-2380,2027-04-06,Checking,Income,Salary,Monthly Payroll,5500,USD,Cleared,Merchant_14,INC-01,Core,151668.64
TXN-2381,2027-04-06,Credit,Food,Groceries,Weekly Shop,-92.76,USD,Cleared,Merchant_11,FOOD-01,Living,151575.88
TXN-2382,2027-04-06,Checking,Food,Groceries,Weekly Shop,-19.02,USD,Cleared,Merchant_4,FOOD-01,Living,151556.86
TXN-2383,2027-04-07,Checking,Lifestyle,Entertainment,Cinema/Streaming,-130.51,USD,Cleared,Merchant_13,ENT-01,Personal,151426.35
TXN-2384,2027-04-07,Checking,Healthcare,Pharmacy,Medical Supplies,-86.06,USD,Cleared,Merchant_36,MED-01,Wellness,151340.29
TXN-2385,2027-04-07,Checking,Healthcare,Pharmacy,Medical Supplies,-40.71,USD,Cleared,Merchant_37,MED-01,Wellness,151299.58
TXN-2386,2027-04-08,Checking,Lifestyle,Entertainment,Cinema/Streaming,-138.08,USD,Cleared,Merchant_37,ENT-01,Personal,151161.50
TXN-2387,2027-04-08,Credit,Lifestyle,Entertainment,Cinema/Streaming,-63.5,USD,Cleared,Merchant_8,ENT-01,Personal,151098.00
TXN-2388,2027-04-08,Credit,Dining,Restaurant,Client Lunch,-136.04,USD,Cleared,Merchant_33,BIZ-MEAL,Sales,150961.96
TXN-2389,2027-04-09,Credit,Transport,Fuel,Gas Station,-11.56,USD,Cleared,Merchant_41,TRA-01,Commute,150950.40
TXN-2390,2027-04-09,Checking,Transport,Fuel,Gas Station,-45.34,USD,Cleared,Merchant_26,TRA-01,Commute,150905.06
TXN-2391,2027-04-09,Credit,Travel,Uber,Airport Ride,-90.12,USD,Cleared,Merchant_37,BIZ-TRAV,Travel_Q1,150814.94
TXN-2392,2027-04-10,Checking,Dining,Restaurant,Client Lunch,-107.26,USD,Cleared,Merchant_48,BIZ-MEAL,Sales,150707.68
TXN-2393,2027-04-10,Checking,Food,Groceries,Weekly Shop,-128.55,USD,Cleared,Merchant_13,FOOD-01,Living,150579.13
TXN-2394,2027-04-10,Credit,Transport,Fuel,Gas Station,-61.45,USD,Cleared,Merchant_4,TRA-01,Commute,150517.68
TXN-2395,2027-04-11,Credit,Dining,Restaurant,Client Lunch,-82.13,USD,Cleared,Merchant_7,BIZ-MEAL,Sales,150435.55
TXN-2396,2027-04-11,Checking,Food,Groceries,Weekly Shop,-133.79,USD,Cleared,Merchant_35,FOOD-01,Living,150301.76
TXN-2397,2027-04-11,Credit,Lifestyle,Entertainment,Cinema/Streaming,-108.37,USD,Cleared,Merchant_41,ENT-01,Personal,150193.39
TXN-2398,2027-04-12,Credit,Lifestyle,Entertainment,Cinema/Streaming,-52.38,USD,Cleared,Merchant_48,ENT-01,Personal,150141.01
TXN-2399,2027-04-12,Checking,Business,Software,SaaS Subscription,-145.68,USD,Cleared,Merchant_13,BIZ-EXP,Project_Alpha,149995.33
TXN-2400,2027-04-12,Credit,Business,Software,SaaS Subscription,-78.13,USD,Cleared,Merchant_8,BIZ-EXP,Project_Alpha,149917.20
TXN-2401,2027-04-13,Checking,Transport,Fuel,Gas Station,-69.73,USD,Cleared,Merchant_29,TRA-01,Commute,149847.47
TXN-2402,2027-04-13,Checking,Business,Software,SaaS Subscription,-80.06,USD,Cleared,Merchant_30,BIZ-EXP,Project_Alpha,149767.41
TXN-2403,2027-04-13,Credit,Travel,Uber,Airport Ride,-20.84,USD,Cleared,Merchant_20,BIZ-TRAV,Travel_Q1,149746.57
TXN-2404,2027-04-14,Checking,Travel,Uber,Airport Ride,-80.86,USD,Cleared,Merchant_27,BIZ-TRAV,Travel_Q1,149665.71
TXN-2405,2027-04-14,Credit,Business,Software,SaaS Subscription,-71.36,USD,Cleared,Merchant_7,BIZ-EXP,Project_Alpha,149594.35
TXN-2406,2027-04-14,Credit,Travel,Uber,Airport Ride,-54.97,USD,Cleared,Merchant_44,BIZ-TRAV,Travel_Q1,149539.38
TXN-2407,2027-04-15,Credit,Food,Groceries,Weekly Shop,-13.66,USD,Cleared,Merchant_21,FOOD-01,Living,149525.72
TXN-2408,2027-04-15,Checking,Business,Software,SaaS Subscription,-44.67,USD,Cleared,Merchant_40,BIZ-EXP,Project_Alpha,149481.05
TXN-2409,2027-04-15,Checking,Transport,Fuel,Gas Station,-30.31,USD,Cleared,Merchant_48,TRA-01,Commute,149450.74
TXN-2410,2027-04-16,Checking,Income,Salary,Monthly Payroll,5500,USD,Cleared,Merchant_0,INC-01,Core,154950.74
TXN-2411,2027-04-16,Checking,Food,Groceries,Weekly Shop,-127.22,USD,Cleared,Merchant_12,FOOD-01,Living,154823.52
TXN-2412,2027-04-16,Credit,Travel,Uber,Airport Ride,-53.5,USD,Cleared,Merchant_19,BIZ-TRAV,Travel_Q1,154770.02
TXN-2413,2027-04-17,Credit,Travel,Uber,Airport Ride,-114.59,USD,Cleared,Merchant_38,BIZ-TRAV,Travel_Q1,154655.43
TXN-2414,2027-04-17,Checking,Business,Software,SaaS Subscription,-38.29,USD,Cleared,Merchant_6,BIZ-EXP,Project_Alpha,154617.14
TXN-2415,2027-04-17,Credit,Food,Groceries,Weekly Shop,-49.51,USD,Cleared,Merchant_24,FOOD-01,Living,154567.63
TXN-2416,2027-04-18,Credit,Lifestyle,Entertainment,Cinema/Streaming,-145.65,USD,Cleared,Merchant_31,ENT-01,Personal,154421.98
TXN-2417,2027-04-18,Credit,Lifestyle,Entertainment,Cinema/Streaming,-47.89,USD,Cleared,Merchant_16,ENT-01,Personal,154374.09
TXN-2418,2027-04-18,Checking,Food,Groceries,Weekly Shop,-137.51,USD,Cleared,Merchant_38,FOOD-01,Living,154236.58
TXN-2419,2027-04-19,Checking,Business,Software,SaaS Subscription,-125.98,USD,Cleared,Merchant_0,BIZ-EXP,Project_Alpha,154110.60
TXN-2420,2027-04-19,Credit,Healthcare,Pharmacy,Medical Supplies,-126.01,USD,Cleared,Merchant_0,MED-01,Wellness,153984.59
TXN-2421,2027-04-19,Checking,Dining,Restaurant,Client Lunch,-39.36,USD,Cleared,Merchant_49,BIZ-MEAL,Sales,153945.23
TXN-2422,2027-04-20,Checking,Travel,Uber,Airport Ride,-98.82,USD,Cleared,Merchant_1,BIZ-TRAV,Travel_Q1,153846.41
TXN-2423,2027-04-20,Checking,Food,Groceries,Weekly Shop,-63.63,USD,Cleared,Merchant_22,FOOD-01,Living,153782.78
TXN-2424,2027-04-20,Checking,Lifestyle,Entertainment,Cinema/Streaming,-68.95,USD,Cleared,Merchant_10,ENT-01,Personal,153713.83
TXN-2425,2027-04-21,Checking,Business,Software,SaaS Subscription,-46.11,USD,Cleared,Merchant_46,BIZ-EXP,Project_Alpha,153667.72
TXN-2426,2027-04-21,Checking,Lifestyle,Entertainment,Cinema/Streaming,-66.42,USD,Cleared,Merchant_5,ENT-01,Personal,153601.30
TXN-2427,2027-04-21,Credit,Healthcare,Pharmacy,Medical Supplies,-18.84,USD,Cleared,Merchant_19,MED-01,Wellness,153582.46
TXN-2428,2027-04-22,Credit,Business,Software,SaaS Subscription,-109.08,USD,Cleared,Merchant_13,BIZ-EXP,Project_Alpha,153473.38
TXN-2429,2027-04-22,Credit,Business,Software,SaaS Subscription,-93.67,USD,Cleared,Merchant_18,BIZ-EXP,Project_Alpha,153379.71
TXN-2430,2027-04-22,Credit,Dining,Restaurant,Client Lunch,-10.07,USD,Cleared,Merchant_9,BIZ-MEAL,Sales,153369.64
TXN-2431,2027-04-23,Credit,Dining,Restaurant,Client Lunch,-43.61,USD,Cleared,Merchant_49,BIZ-MEAL,Sales,153326.03
TXN-2432,2027-04-23,Credit,Food,Groceries,Weekly Shop,-46.79,USD,Cleared,Merchant_12,FOOD-01,Living,153279.24
TXN-2433,2027-04-23,Credit,Transport,Fuel,Gas Station,-37.86,USD,Cleared,Merchant_46,TRA-01,Commute,153241.38
TXN-2434,2027-04-24,Checking,Transport,Fuel,Gas Station,-11.02,USD,Cleared,Merchant_18,TRA-01,Commute,153230.36
TXN-2435,2027-04-24,Checking,Dining,Restaurant,Client Lunch,-69.59,USD,Cleared,Merchant_42,BIZ-MEAL,Sales,153160.77
TXN-2436,2027-04-24,Checking,Healthcare,Pharmacy,Medical Supplies,-46.5,USD,Cleared,Merchant_28,MED-01,Wellness,153114.27
TXN-2437,2027-04-25,Credit,Food,Groceries,Weekly Shop,-36.83,USD,Cleared,Merchant_37,FOOD-01,Living,153077.44
TXN-2438,2027-04-25,Checking,Lifestyle,Entertainment,Cinema/Streaming,-38.11,USD,Cleared,Merchant_7,ENT-01,Personal,153039.33
TXN-2439,2027-04-25,Checking,Travel,Uber,Airport Ride,-121.59,USD,Cleared,Merchant_5,BIZ-TRAV,Travel_Q1,152917.74
TXN-2440,2027-04-26,Checking,Income,Salary,Monthly Payroll,5500,USD,Cleared,Merchant_38,INC-01,Core,158417.74
TXN-2441,2027-04-26,Checking,Transport,Fuel,Gas Station,-117.22,USD,Cleared,Merchant_5,TRA-01,Commute,158300.52
TXN-2442,2027-04-26,Credit,Business,Software,SaaS Subscription,-25.13,USD,Cleared,Merchant_4,BIZ-EXP,Project_Alpha,158275.39
TXN-2443,2027-04-27,Credit,Food,Groceries,Weekly Shop,-105.2,USD,Cleared,Merchant_5,FOOD-01,Living,158170.19
TXN-2444,2027-04-27,Checking,Healthcare,Pharmacy,Medical Supplies,-100,USD,Cleared,Merchant_14,MED-01,Wellness,158070.19
TXN-2445,2027-04-27,Credit,Healthcare,Pharmacy,Medical Supplies,-96.18,USD,Cleared,Merchant_14,MED-01,Wellness,157974.01
TXN-2446,2027-04-28,Checking,Lifestyle,Entertainment,Cinema/Streaming,-44.36,USD,Cleared,Merchant_38,ENT-01,Personal,157929.65
TXN-2447,2027-04-28,Checking,Food,Groceries,Weekly Shop,-135.1,USD,Cleared,Merchant_25,FOOD-01,Living,157794.55
TXN-2448,2027-04-28,Credit,Business,Software,SaaS Subscription,-31.97,USD,Cleared,Merchant_47,BIZ-EXP,Project_Alpha,157762.58
TXN-2449,2027-04-29,Credit,Business,Software,SaaS Subscription,-44.8,USD,Cleared,Merchant_25,BIZ-EXP,Project_Alpha,157717.78
TXN-2450,2027-04-29,Checking,Lifestyle,Entertainment,Cinema/Streaming,-12.55,USD,Cleared,Merchant_9,ENT-01,Personal,157705.23
TXN-2451,2027-04-29,Credit,Business,Software,SaaS Subscription,-20.1,USD,Cleared,Merchant_33,BIZ-EXP,Project_Alpha,157685.13
TXN-2452,2027-04-30,Checking,Business,Software,SaaS Subscription,-77.09,USD,Cleared,Merchant_42,BIZ-EXP,Project_Alpha,157608.04
TXN-2453,2027-04-30,Credit,Dining,Restaurant,Client Lunch,-47.4,USD,Cleared,Merchant_10,BIZ-MEAL,Sales,157560.64
TXN-2454,2027-04-30,Checking,Travel,Uber,Airport Ride,-30.96,USD,Cleared,Merchant_47,BIZ-TRAV,Travel_Q1,157529.68
TXN-2455,2027-05-01,Credit,Healthcare,Pharmacy,Medical Supplies,-55.18,USD,Cleared,Merchant_27,MED-01,Wellness,157474.50
TXN-2456,2027-05-01,Credit,Food,Groceries,Weekly Shop,-109.54,USD,Cleared,Merchant_45,FOOD-01,Living,157364.96
TXN-2457,2027-05-01,Credit,Transport,Fuel,Gas Station,-134.65,USD,Cleared,Merchant_8,TRA-01,Commute,157230.31
TXN-2458,2027-05-02,Checking,Food,Groceries,Weekly Shop,-117.91,USD,Cleared,Merchant_32,FOOD-01,Living,157112.40
TXN-2459,2027-05-02,Checking,Transport,Fuel,Gas Station,-15.15,USD,Cleared,Merchant_26,TRA-01,Commute,157097.25
TXN-2460,2027-05-02,Credit,Travel,Uber,Airport Ride,-138.58,USD,Cleared,Merchant_2,BIZ-TRAV,Travel_Q1,156958.67
TXN-2461,2027-05-03,Credit,Lifestyle,Entertainment,Cinema/Streaming,-10.86,USD,Cleared,Merchant_38,ENT-01,Personal,156947.81
TXN-2462,2027-05-03,Checking,Lifestyle,Entertainment,Cinema/Streaming,-109.72,USD,Cleared,Merchant_18,ENT-01,Personal,156838.09
TXN-2463,2027-05-03,Checking,Dining,Restaurant,Client Lunch,-62.75,USD,Cleared,Merchant_46,BIZ-MEAL,Sales,156775.34
TXN-2464,2027-05-04,Credit,Transport,Fuel,Gas Station,-16.33,USD,Cleared,Merchant_32,TRA-01,Commute,156759.01
TXN-2465,2027-05-04,Checking,Travel,Uber,Airport Ride,-146.5,USD,Cleared,Merchant_33,BIZ-TRAV,Travel_Q1,156612.51
TXN-2466,2027-05-04,Checking,Dining,Restaurant,Client Lunch,-60.55,USD,Cleared,Merchant_0,BIZ-MEAL,Sales,156551.96
TXN-2467,2027-05-05,Credit,Healthcare,Pharmacy,Medical Supplies,-47.55,USD,Cleared,Merchant_20,MED-01,Wellness,156504.41
TXN-2468,2027-05-05,Credit,Healthcare,Pharmacy,Medical Supplies,-48.51,USD,Cleared,Merchant_39,MED-01,Wellness,156455.90
TXN-2469,2027-05-05,Checking,Lifestyle,Entertainment,Cinema/Streaming,-145.72,USD,Cleared,Merchant_44,ENT-01,Personal,156310.18
TXN-2470,2027-05-06,Checking,Income,Salary,Monthly Payroll,5500,USD,Cleared,Merchant_32,INC-01,Core,161810.18
TXN-2471,2027-05-06,Credit,Transport,Fuel,Gas Station,-48.66,USD,Cleared,Merchant_27,TRA-01,Commute,161761.52
TXN-2472,2027-05-06,Checking,Travel,Uber,Airport Ride,-56.96,USD,Cleared,Merchant_27,BIZ-TRAV,Travel_Q1,161704.56
TXN-2473,2027-05-07,Credit,Lifestyle,Entertainment,Cinema/Streaming,-114.93,USD,Cleared,Merchant_6,ENT-01,Personal,161589.63
TXN-2474,2027-05-07,Credit,Dining,Restaurant,Client Lunch,-75.26,USD,Cleared,Merchant_6,BIZ-MEAL,Sales,161514.37
TXN-2475,2027-05-07,Checking,Food,Groceries,Weekly Shop,-136.03,USD,Cleared,Merchant_9,FOOD-01,Living,161378.34
TXN-2476,2027-05-08,Credit,Transport,Fuel,Gas Station,-99.09,USD,Cleared,Merchant_13,TRA-01,Commute,161279.25
TXN-2477,2027-05-08,Checking,Travel,Uber,Airport Ride,-145.27,USD,Cleared,Merchant_35,BIZ-TRAV,Travel_Q1,161133.98
TXN-2478,2027-05-08,Credit,Business,Software,SaaS Subscription,-12.08,USD,Cleared,Merchant_23,BIZ-EXP,Project_Alpha,161121.90
TXN-2479,2027-05-09,Checking,Food,Groceries,Weekly Shop,-87.36,USD,Cleared,Merchant_42,FOOD-01,Living,161034.54
TXN-2480,2027-05-09,Credit,Travel,Uber,Airport Ride,-48.27,USD,Cleared,Merchant_28,BIZ-TRAV,Travel_Q1,160986.27
TXN-2481,2027-05-09,Checking,Business,Software,SaaS Subscription,-121.94,USD,Cleared,Merchant_9,BIZ-EXP,Project_Alpha,160864.33
TXN-2482,2027-05-10,Credit,Lifestyle,Entertainment,Cinema/Streaming,-115.22,USD,Cleared,Merchant_49,ENT-01,Personal,160749.11
TXN-2483,2027-05-10,Checking,Travel,Uber,Airport Ride,-93.21,USD,Cleared,Merchant_39,BIZ-TRAV,Travel_Q1,160655.90
TXN-2484,2027-05-10,Credit,Transport,Fuel,Gas Station,-108.41,USD,Cleared,Merchant_47,TRA-01,Commute,160547.49
TXN-2485,2027-05-11,Checking,Dining,Restaurant,Client Lunch,-128.8,USD,Cleared,Merchant_17,BIZ-MEAL,Sales,160418.69
TXN-2486,2027-05-11,Checking,Dining,Restaurant,Client Lunch,-86.62,USD,Cleared,Merchant_21,BIZ-MEAL,Sales,160332.07
TXN-2487,2027-05-11,Checking,Healthcare,Pharmacy,Medical Supplies,-131.91,USD,Cleared,Merchant_36,MED-01,Wellness,160200.16
TXN-2488,2027-05-12,Checking,Travel,Uber,Airport Ride,-138.39,USD,Cleared,Merchant_27,BIZ-TRAV,Travel_Q1,160061.77
TXN-2489,2027-05-12,Checking,Food,Groceries,Weekly Shop,-138.25,USD,Cleared,Merchant_41,FOOD-01,Living,159923.52
TXN-2490,2027-05-12,Credit,Business,Software,SaaS Subscription,-31.56,USD,Cleared,Merchant_35,BIZ-EXP,Project_Alpha,159891.96
TXN-2491,2027-05-13,Credit,Travel,Uber,Airport Ride,-86.94,USD,Cleared,Merchant_44,BIZ-TRAV,Travel_Q1,159805.02
TXN-2492,2027-05-13,Credit,Healthcare,Pharmacy,Medical Supplies,-12.37,USD,Cleared,Merchant_18,MED-01,Wellness,159792.65
TXN-2493,2027-05-13,Checking,Travel,Uber,Airport Ride,-142.42,USD,Cleared,Merchant_13,BIZ-TRAV,Travel_Q1,159650.23
TXN-2494,2027-05-14,Credit,Transport,Fuel,Gas Station,-71.48,USD,Cleared,Merchant_24,TRA-01,Commute,159578.75
TXN-2495,2027-05-14,Credit,Lifestyle,Entertainment,Cinema/Streaming,-33.11,USD,Cleared,Merchant_11,ENT-01,Personal,159545.64
TXN-2496,2027-05-14,Checking,Dining,Restaurant,Client Lunch,-113.86,USD,Cleared,Merchant_19,BIZ-MEAL,Sales,159431.78
TXN-2497,2027-05-15,Credit,Dining,Restaurant,Client Lunch,-132.16,USD,Cleared,Merchant_18,BIZ-MEAL,Sales,159299.62
TXN-2498,2027-05-15,Credit,Transport,Fuel,Gas Station,-27.14,USD,Cleared,Merchant_26,TRA-01,Commute,159272.48
TXN-2499,2027-05-15,Credit,Travel,Uber,Airport Ride,-34.28,USD,Cleared,Merchant_12,BIZ-TRAV,Travel_Q1,159238.20
TXN-2500,2027-05-16,Checking,Income,Salary,Monthly Payroll,5500,USD,Cleared,Merchant_19,INC-01,Core,164738.20
TXN-2501,2027-05-16,Checking,Food,Groceries,Weekly Shop,-52.14,USD,Cleared,Merchant_18,FOOD-01,Living,164686.06
TXN-2502,2027-05-16,Checking,Food,Groceries,Weekly Shop,-28.64,USD,Cleared,Merchant_8,FOOD-01,Living,164657.42
TXN-2503,2027-05-17,Credit,Dining,Restaurant,Client Lunch,-140.55,USD,Cleared,Merchant_11,BIZ-MEAL,Sales,164516.87
TXN-2504,2027-05-17,Credit,Dining,Restaurant,Client Lunch,-50.36,USD,Cleared,Merchant_8,BIZ-MEAL,Sales,164466.51
TXN-2505,2027-05-17,Credit,Healthcare,Pharmacy,Medical Supplies,-114.57,USD,Cleared,Merchant_10,MED-01,Wellness,164351.94
TXN-2506,2027-05-18,Credit,Healthcare,Pharmacy,Medical Supplies,-72.29,USD,Cleared,Merchant_12,MED-01,Wellness,164279.65
TXN-2507,2027-05-18,Credit,Lifestyle,Entertainment,Cinema/Streaming,-47.47,USD,Cleared,Merchant_36,ENT-01,Personal,164232.18
TXN-2508,2027-05-18,Checking,Healthcare,Pharmacy,Medical Supplies,-21.16,USD,Cleared,Merchant_46,MED-01,Wellness,164211.02
TXN-2509,2027-05-19,Credit,Dining,Restaurant,Client Lunch,-141.27,USD,Cleared,Merchant_47,BIZ-MEAL,Sales,164069.75
TXN-2510,2027-05-19,Credit,Lifestyle,Entertainment,Cinema/Streaming,-84.89,USD,Cleared,Merchant_3,ENT-01,Personal,163984.86
TXN-2511,2027-05-19,Credit,Lifestyle,Entertainment,Cinema/Streaming,-90.17,USD,Cleared,Merchant_43,ENT-01,Personal,163894.69
TXN-2512,2027-05-20,Checking,Travel,Uber,Airport Ride,-141.24,USD,Cleared,Merchant_6,BIZ-TRAV,Travel_Q1,163753.45
TXN-2513,2027-05-20,Credit,Healthcare,Pharmacy,Medical Supplies,-89.05,USD,Cleared,Merchant_20,MED-01,Wellness,163664.40
TXN-2514,2027-05-20,Credit,Healthcare,Pharmacy,Medical Supplies,-50.84,USD,Cleared,Merchant_14,MED-01,Wellness,163613.56
TXN-2515,2027-05-21,Credit,Transport,Fuel,Gas Station,-118.62,USD,Cleared,Merchant_46,TRA-01,Commute,163494.94
TXN-2516,2027-05-21,Checking,Healthcare,Pharmacy,Medical Supplies,-65.48,USD,Cleared,Merchant_19,MED-01,Wellness,163429.46
TXN-2517,2027-05-21,Credit,Transport,Fuel,Gas Station,-107.11,USD,Cleared,Merchant_37,TRA-01,Commute,163322.35
TXN-2518,2027-05-22,Checking,Travel,Uber,Airport Ride,-36.97,USD,Cleared,Merchant_12,BIZ-TRAV,Travel_Q1,163285.38
TXN-2519,2027-05-22,Checking,Business,Software,SaaS Subscription,-132.01,USD,Cleared,Merchant_0,BIZ-EXP,Project_Alpha,163153.37
TXN-2520,2027-05-22,Credit,Lifestyle,Entertainment,Cinema/Streaming,-84.36,USD,Cleared,Merchant_25,ENT-01,Personal,163069.01
TXN-2521,2027-05-23,Credit,Lifestyle,Entertainment,Cinema/Streaming,-32.12,USD,Cleared,Merchant_24,ENT-01,Personal,163036.89
TXN-2522,2027-05-23,Credit,Lifestyle,Entertainment,Cinema/Streaming,-28,USD,Cleared,Merchant_19,ENT-01,Personal,163008.89
TXN-2523,2027-05-23,Checking,Lifestyle,Entertainment,Cinema/Streaming,-115.29,USD,Cleared,Merchant_10,ENT-01,Personal,162893.60
TXN-2524,2027-05-24,Credit,Healthcare,Pharmacy,Medical Supplies,-73.75,USD,Cleared,Merchant_17,MED-01,Wellness,162819.85
TXN-2525,2027-05-24,Checking,Healthcare,Pharmacy,Medical Supplies,-145.32,USD,Cleared,Merchant_37,MED-01,Wellness,162674.53
TXN-2526,2027-05-24,Credit,Travel,Uber,Airport Ride,-140.87,USD,Cleared,Merchant_25,BIZ-TRAV,Travel_Q1,162533.66
TXN-2527,2027-05-25,Credit,Food,Groceries,Weekly Shop,-33.84,USD,Cleared,Merchant_43,FOOD-01,Living,162499.82
TXN-2528,2027-05-25,Credit,Lifestyle,Entertainment,Cinema/Streaming,-11.22,USD,Cleared,Merchant_11,ENT-01,Personal,162488.60
TXN-2529,2027-05-25,Checking,Food,Groceries,Weekly Shop,-61.95,USD,Cleared,Merchant_20,FOOD-01,Living,162426.65
TXN-2530,2027-05-26,Checking,Income,Salary,Monthly Payroll,5500,USD,Cleared,Merchant_11,INC-01,Core,167926.65
TXN-2531,2027-05-26,Credit,Lifestyle,Entertainment,Cinema/Streaming,-14.53,USD,Cleared,Merchant_19,ENT-01,Personal,167912.12
TXN-2532,2027-05-26,Credit,Dining,Restaurant,Client Lunch,-12.84,USD,Cleared,Merchant_1,BIZ-MEAL,Sales,167899.28
TXN-2533,2027-05-27,Credit,Dining,Restaurant,Client Lunch,-135.27,USD,Cleared,Merchant_36,BIZ-MEAL,Sales,167764.01
TXN-2534,2027-05-27,Checking,Healthcare,Pharmacy,Medical Supplies,-121.05,USD,Cleared,Merchant_26,MED-01,Wellness,167642.96
TXN-2535,2027-05-27,Checking,Food,Groceries,Weekly Shop,-55.74,USD,Cleared,Merchant_9,FOOD-01,Living,167587.22
TXN-2536,2027-05-28,Credit,Healthcare,Pharmacy,Medical Supplies,-80.23,USD,Cleared,Merchant_3,MED-01,Wellness,167506.99
TXN-2537,2027-05-28,Checking,Lifestyle,Entertainment,Cinema/Streaming,-37.97,USD,Cleared,Merchant_17,ENT-01,Personal,167469.02
TXN-2538,2027-05-28,Checking,Dining,Restaurant,Client Lunch,-71.8,USD,Cleared,Merchant_14,BIZ-MEAL,Sales,167397.22
TXN-2539,2027-05-29,Checking,Business,Software,SaaS Subscription,-50,USD,Cleared,Merchant_47,BIZ-EXP,Project_Alpha,167347.22
TXN-2540,2027-05-29,Credit,Business,Software,SaaS Subscription,-16.3,USD,Cleared,Merchant_33,BIZ-EXP,Project_Alpha,167330.92
TXN-2541,2027-05-29,Credit,Lifestyle,Entertainment,Cinema/Streaming,-115.02,USD,Cleared,Merchant_33,ENT-01,Personal,167215.90
TXN-2542,2027-05-30,Checking,Healthcare,Pharmacy,Medical Supplies,-147.23,USD,Cleared,Merchant_31,MED-01,Wellness,167068.67
TXN-2543,2027-05-30,Credit,Healthcare,Pharmacy,Medical Supplies,-109.18,USD,Cleared,Merchant_36,MED-01,Wellness,166959.49
TXN-2544,2027-05-30,Checking,Travel,Uber,Airport Ride,-118.17,USD,Cleared,Merchant_0,BIZ-TRAV,Travel_Q1,166841.32
TXN-2545,2027-05-31,Credit,Dining,Restaurant,Client Lunch,-63.86,USD,Cleared,Merchant_2,BIZ-MEAL,Sales,166777.46
TXN-2546,2027-05-31,Checking,Dining,Restaurant,Client Lunch,-54.56,USD,Cleared,Merchant_2,BIZ-MEAL,Sales,166722.90
TXN-2547,2027-05-31,Checking,Dining,Restaurant,Client Lunch,-113.55,USD,Cleared,Merchant_20,BIZ-MEAL,Sales,166609.35
TXN-2548,2027-06-01,Credit,Transport,Fuel,Gas Station,-70.28,USD,Cleared,Merchant_26,TRA-01,Commute,166539.07
TXN-2549,2027-06-01,Checking,Lifestyle,Entertainment,Cinema/Streaming,-146.81,USD,Cleared,Merchant_44,ENT-01,Personal,166392.26
TXN-2550,2027-06-01,Credit,Transport,Fuel,Gas Station,-22.02,USD,Cleared,Merchant_21,TRA-01,Commute,166370.24
TXN-2551,2027-06-02,Checking,Dining,Restaurant,Client Lunch,-99.64,USD,Cleared,Merchant_15,BIZ-MEAL,Sales,166270.60
TXN-2552,2027-06-02,Credit,Dining,Restaurant,Client Lunch,-61.33,USD,Cleared,Merchant_10,BIZ-MEAL,Sales,166209.27
TXN-2553,2027-06-02,Credit,Transport,Fuel,Gas Station,-47.17,USD,Cleared,Merchant_12,TRA-01,Commute,166162.10
TXN-2554,2027-06-03,Credit,Transport,Fuel,Gas Station,-141.48,USD,Cleared,Merchant_3,TRA-01,Commute,166020.62
TXN-2555,2027-06-03,Credit,Business,Software,SaaS Subscription,-119.04,USD,Cleared,Merchant_8,BIZ-EXP,Project_Alpha,165901.58
TXN-2556,2027-06-03,Credit,Dining,Restaurant,Client Lunch,-140.74,USD,Cleared,Merchant_31,BIZ-MEAL,Sales,165760.84
TXN-2557,2027-06-04,Checking,Dining,Restaurant,Client Lunch,-13.62,USD,Cleared,Merchant_17,BIZ-MEAL,Sales,165747.22
TXN-2558,2027-06-04,Checking,Business,Software,SaaS Subscription,-37.62,USD,Cleared,Merchant_6,BIZ-EXP,Project_Alpha,165709.60
TXN-2559,2027-06-04,Checking,Dining,Restaurant,Client Lunch,-109.09,USD,Cleared,Merchant_17,BIZ-MEAL,Sales,165600.51
TXN-2560,2027-06-05,Checking,Income,Salary,Monthly Payroll,5500,USD,Cleared,Merchant_20,INC-01,Core,171100.51
TXN-2561,2027-06-05,Checking,Transport,Fuel,Gas Station,-14.82,USD,Cleared,Merchant_40,TRA-01,Commute,171085.69
TXN-2562,2027-06-05,Checking,Lifestyle,Entertainment,Cinema/Streaming,-52.23,USD,Cleared,Merchant_32,ENT-01,Personal,171033.46
TXN-2563,2027-06-06,Credit,Food,Groceries,Weekly Shop,-130.51,USD,Cleared,Merchant_46,FOOD-01,Living,170902.95
TXN-2564,2027-06-06,Credit,Lifestyle,Entertainment,Cinema/Streaming,-73.74,USD,Cleared,Merchant_36,ENT-01,Personal,170829.21
TXN-2565,2027-06-06,Credit,Business,Software,SaaS Subscription,-110.22,USD,Cleared,Merchant_40,BIZ-EXP,Project_Alpha,170718.99
TXN-2566,2027-06-07,Checking,Transport,Fuel,Gas Station,-108.41,USD,Cleared,Merchant_35,TRA-01,Commute,170610.58
TXN-2567,2027-06-07,Checking,Food,Groceries,Weekly Shop,-34.65,USD,Cleared,Merchant_21,FOOD-01,Living,170575.93
TXN-2568,2027-06-07,Credit,Healthcare,Pharmacy,Medical Supplies,-133.56,USD,Cleared,Merchant_1,MED-01,Wellness,170442.37
TXN-2569,2027-06-08,Checking,Dining,Restaurant,Client Lunch,-131.87,USD,Cleared,Merchant_12,BIZ-MEAL,Sales,170310.50
TXN-2570,2027-06-08,Checking,Food,Groceries,Weekly Shop,-95.97,USD,Cleared,Merchant_17,FOOD-01,Living,170214.53
TXN-2571,2027-06-08,Checking,Travel,Uber,Airport Ride,-111.98,USD,Cleared,Merchant_14,BIZ-TRAV,Travel_Q1,170102.55
TXN-2572,2027-06-09,Credit,Food,Groceries,Weekly Shop,-120.03,USD,Cleared,Merchant_19,FOOD-01,Living,169982.52
TXN-2573,2027-06-09,Credit,Travel,Uber,Airport Ride,-22.41,USD,Cleared,Merchant_47,BIZ-TRAV,Travel_Q1,169960.11
TXN-2574,2027-06-09,Credit,Business,Software,SaaS Subscription,-129.29,USD,Cleared,Merchant_30,BIZ-EXP,Project_Alpha,169830.82
TXN-2575,2027-06-10,Checking,Transport,Fuel,Gas Station,-118.08,USD,Cleared,Merchant_30,TRA-01,Commute,169712.74
TXN-2576,2027-06-10,Credit,Business,Software,SaaS Subscription,-92.93,USD,Cleared,Merchant_3,BIZ-EXP,Project_Alpha,169619.81
TXN-2577,2027-06-10,Credit,Transport,Fuel,Gas Station,-97.5,USD,Cleared,Merchant_23,TRA-01,Commute,169522.31
TXN-2578,2027-06-11,Credit,Business,Software,SaaS Subscription,-66.33,USD,Cleared,Merchant_49,BIZ-EXP,Project_Alpha,169455.98
TXN-2579,2027-06-11,Checking,Business,Software,SaaS Subscription,-118.19,USD,Cleared,Merchant_30,BIZ-EXP,Project_Alpha,169337.79
TXN-2580,2027-06-11,Credit,Food,Groceries,Weekly Shop,-23.01,USD,Cleared,Merchant_5,FOOD-01,Living,169314.78
TXN-2581,2027-06-12,Credit,Food,Groceries,Weekly Shop,-141.8,USD,Cleared,Merchant_43,FOOD-01,Living,169172.98
TXN-2582,2027-06-12,Credit,Travel,Uber,Airport Ride,-110.43,USD,Cleared,Merchant_18,BIZ-TRAV,Travel_Q1,169062.55
TXN-2583,2027-06-12,Credit,Lifestyle,Entertainment,Cinema/Streaming,-128.15,USD,Cleared,Merchant_1,ENT-01,Personal,168934.40
TXN-2584,2027-06-13,Checking,Dining,Restaurant,Client Lunch,-102.21,USD,Cleared,Merchant_18,BIZ-MEAL,Sales,168832.19
TXN-2585,2027-06-13,Checking,Dining,Restaurant,Client Lunch,-71.72,USD,Cleared,Merchant_41,BIZ-MEAL,Sales,168760.47
TXN-2586,2027-06-13,Checking,Dining,Restaurant,Client Lunch,-89.6,USD,Cleared,Merchant_44,BIZ-MEAL,Sales,168670.87
TXN-2587,2027-06-14,Credit,Dining,Restaurant,Client Lunch,-73.14,USD,Cleared,Merchant_42,BIZ-MEAL,Sales,168597.73
TXN-2588,2027-06-14,Checking,Dining,Restaurant,Client Lunch,-36.72,USD,Cleared,Merchant_35,BIZ-MEAL,Sales,168561.01
TXN-2589,2027-06-14,Credit,Travel,Uber,Airport Ride,-75.39,USD,Cleared,Merchant_48,BIZ-TRAV,Travel_Q1,168485.62
TXN-2590,2027-06-15,Checking,Income,Salary,Monthly Payroll,5500,USD,Cleared,Merchant_11,INC-01,Core,173985.62
TXN-2591,2027-06-15,Credit,Healthcare,Pharmacy,Medical Supplies,-127.46,USD,Cleared,Merchant_35,MED-01,Wellness,173858.16
TXN-2592,2027-06-15,Credit,Lifestyle,Entertainment,Cinema/Streaming,-77.31,USD,Cleared,Merchant_20,ENT-01,Personal,173780.85
TXN-2593,2027-06-16,Checking,Dining,Restaurant,Client Lunch,-100.32,USD,Cleared,Merchant_17,BIZ-MEAL,Sales,173680.53
TXN-2594,2027-06-16,Checking,Healthcare,Pharmacy,Medical Supplies,-31.14,USD,Cleared,Merchant_47,MED-01,Wellness,173649.39
TXN-2595,2027-06-16,Checking,Travel,Uber,Airport Ride,-108.67,USD,Cleared,Merchant_14,BIZ-TRAV,Travel_Q1,173540.72
TXN-2596,2027-06-17,Credit,Healthcare,Pharmacy,Medical Supplies,-93.19,USD,Cleared,Merchant_14,MED-01,Wellness,173447.53
TXN-2597,2027-06-17,Credit,Transport,Fuel,Gas Station,-146.67,USD,Cleared,Merchant_25,TRA-01,Commute,173300.86
TXN-2598,2027-06-17,Checking,Business,Software,SaaS Subscription,-104.5,USD,Cleared,Merchant_45,BIZ-EXP,Project_Alpha,173196.36
TXN-2599,2027-06-18,Checking,Transport,Fuel,Gas Station,-55.14,USD,Cleared,Merchant_9,TRA-01,Commute,173141.22
TXN-2600,2027-06-18,Credit,Healthcare,Pharmacy,Medical Supplies,-51.93,USD,Cleared,Merchant_15,MED-01,Wellness,173089.29
TXN-2601,2027-06-18,Credit,Lifestyle,Entertainment,Cinema/Streaming,-11.46,USD,Cleared,Merchant_0,ENT-01,Personal,173077.83
TXN-2602,2027-06-19,Checking,Healthcare,Pharmacy,Medical Supplies,-101.97,USD,Cleared,Merchant_47,MED-01,Wellness,172975.86
TXN-2603,2027-06-19,Checking,Lifestyle,Entertainment,Cinema/Streaming,-62.73,USD,Cleared,Merchant_16,ENT-01,Personal,172913.13
TXN-2604,2027-06-19,Credit,Business,Software,SaaS Subscription,-126.81,USD,Cleared,Merchant_22,BIZ-EXP,Project_Alpha,172786.32
TXN-2605,2027-06-20,Checking,Transport,Fuel,Gas Station,-54.73,USD,Cleared,Merchant_36,TRA-01,Commute,172731.59
TXN-2606,2027-06-20,Credit,Dining,Restaurant,Client Lunch,-78.04,USD,Cleared,Merchant_7,BIZ-MEAL,Sales,172653.55
TXN-2607,2027-06-20,Checking,Lifestyle,Entertainment,Cinema/Streaming,-36.27,USD,Cleared,Merchant_38,ENT-01,Personal,172617.28
TXN-2608,2027-06-21,Checking,Transport,Fuel,Gas Station,-24.18,USD,Cleared,Merchant_30,TRA-01,Commute,172593.10
TXN-2609,2027-06-21,Checking,Healthcare,Pharmacy,Medical Supplies,-42.74,USD,Cleared,Merchant_11,MED-01,Wellness,172550.36
TXN-2610,2027-06-21,Credit,Healthcare,Pharmacy,Medical Supplies,-130.88,USD,Cleared,Merchant_37,MED-01,Wellness,172419.48
TXN-2611,2027-06-22,Credit,Lifestyle,Entertainment,Cinema/Streaming,-51.24,USD,Cleared,Merchant_24,ENT-01,Personal,172368.24
TXN-2612,2027-06-22,Checking,Food,Groceries,Weekly Shop,-119.71,USD,Cleared,Merchant_32,FOOD-01,Living,172248.53
TXN-2613,2027-06-22,Checking,Travel,Uber,Airport Ride,-142.89,USD,Cleared,Merchant_49,BIZ-TRAV,Travel_Q1,172105.64
TXN-2614,2027-06-23,Checking,Business,Software,SaaS Subscription,-99.17,USD,Cleared,Merchant_31,BIZ-EXP,Project_Alpha,172006.47
TXN-2615,2027-06-23,Checking,Food,Groceries,Weekly Shop,-28.13,USD,Cleared,Merchant_42,FOOD-01,Living,171978.34
TXN-2616,2027-06-23,Checking,Lifestyle,Entertainment,Cinema/Streaming,-143.93,USD,Cleared,Merchant_31,ENT-01,Personal,171834.41
TXN-2617,2027-06-24,Checking,Food,Groceries,Weekly Shop,-81.32,USD,Cleared,Merchant_16,FOOD-01,Living,171753.09
TXN-2618,2027-06-24,Credit,Business,Software,SaaS Subscription,-10.47,USD,Cleared,Merchant_26,BIZ-EXP,Project_Alpha,171742.62
TXN-2619,2027-06-24,Credit,Business,Software,SaaS Subscription,-69.86,USD,Cleared,Merchant_35,BIZ-EXP,Project_Alpha,171672.76
TXN-2620,2027-06-25,Checking,Income,Salary,Monthly Payroll,5500,USD,Cleared,Merchant_19,INC-01,Core,177172.76
TXN-2621,2027-06-25,Checking,Food,Groceries,Weekly Shop,-95.49,USD,Cleared,Merchant_11,FOOD-01,Living,177077.27
TXN-2622,2027-06-25,Checking,Lifestyle,Entertainment,Cinema/Streaming,-126.33,USD,Cleared,Merchant_45,ENT-01,Personal,176950.94
TXN-2623,2027-06-26,Credit,Travel,Uber,Airport Ride,-124.92,USD,Cleared,Merchant_14,BIZ-TRAV,Travel_Q1,176826.02
TXN-2624,2027-06-26,Credit,Dining,Restaurant,Client Lunch,-64.01,USD,Cleared,Merchant_30,BIZ-MEAL,Sales,176762.01
TXN-2625,2027-06-26,Credit,Dining,Restaurant,Client Lunch,-102.87,USD,Cleared,Merchant_43,BIZ-MEAL,Sales,176659.14
TXN-2626,2027-06-27,Credit,Dining,Restaurant,Client Lunch,-128.05,USD,Cleared,Merchant_22,BIZ-MEAL,Sales,176531.09
TXN-2627,2027-06-27,Checking,Healthcare,Pharmacy,Medical Supplies,-21.5,USD,Cleared,Merchant_27,MED-01,Wellness,176509.59
TXN-2628,2027-06-27,Checking,Business,Software,SaaS Subscription,-12.05,USD,Cleared,Merchant_19,BIZ-EXP,Project_Alpha,176497.54
TXN-2629,2027-06-28,Credit,Business,Software,SaaS Subscription,-39.51,USD,Cleared,Merchant_15,BIZ-EXP,Project_Alpha,176458.03
TXN-2630,2027-06-28,Credit,Food,Groceries,Weekly Shop,-74.47,USD,Cleared,Merchant_37,FOOD-01,Living,176383.56
TXN-2631,2027-06-28,Credit,Dining,Restaurant,Client Lunch,-149.25,USD,Cleared,Merchant_39,BIZ-MEAL,Sales,176234.31
TXN-2632,2027-06-29,Checking,Food,Groceries,Weekly Shop,-33.5,USD,Cleared,Merchant_6,FOOD-01,Living,176200.81
TXN-2633,2027-06-29,Credit,Business,Software,SaaS Subscription,-54.75,USD,Cleared,Merchant_43,BIZ-EXP,Project_Alpha,176146.06
TXN-2634,2027-06-29,Checking,Healthcare,Pharmacy,Medical Supplies,-11.72,USD,Cleared,Merchant_4,MED-01,Wellness,176134.34
TXN-2635,2027-06-30,Credit,Food,Groceries,Weekly Shop,-32.77,USD,Cleared,Merchant_26,FOOD-01,Living,176101.57
TXN-2636,2027-06-30,Credit,Transport,Fuel,Gas Station,-141.06,USD,Cleared,Merchant_8,TRA-01,Commute,175960.51
TXN-2637,2027-06-30,Checking,Business,Software,SaaS Subscription,-133.45,USD,Cleared,Merchant_12,BIZ-EXP,Project_Alpha,175827.06
TXN-2638,2027-07-01,Credit,Travel,Uber,Airport Ride,-142.28,USD,Cleared,Merchant_19,BIZ-TRAV,Travel_Q1,175684.78
TXN-2639,2027-07-01,Credit,Lifestyle,Entertainment,Cinema/Streaming,-16.27,USD,Cleared,Merchant_4,ENT-01,Personal,175668.51
TXN-2640,2027-07-01,Checking,Food,Groceries,Weekly Shop,-61.46,USD,Cleared,Merchant_37,FOOD-01,Living,175607.05
TXN-2641,2027-07-02,Credit,Food,Groceries,Weekly Shop,-34.61,USD,Cleared,Merchant_31,FOOD-01,Living,175572.44
TXN-2642,2027-07-02,Checking,Transport,Fuel,Gas Station,-97.75,USD,Cleared,Merchant_42,TRA-01,Commute,175474.69
TXN-2643,2027-07-02,Credit,Food,Groceries,Weekly Shop,-108.44,USD,Cleared,Merchant_9,FOOD-01,Living,175366.25
TXN-2644,2027-07-03,Credit,Healthcare,Pharmacy,Medical Supplies,-89.35,USD,Cleared,Merchant_34,MED-01,Wellness,175276.90
TXN-2645,2027-07-03,Credit,Healthcare,Pharmacy,Medical Supplies,-147.88,USD,Cleared,Merchant_47,MED-01,Wellness,175129.02
TXN-2646,2027-07-03,Checking,Business,Software,SaaS Subscription,-117.03,USD,Cleared,Merchant_20,BIZ-EXP,Project_Alpha,175011.99
TXN-2647,2027-07-04,Credit,Travel,Uber,Airport Ride,-114.74,USD,Cleared,Merchant_0,BIZ-TRAV,Travel_Q1,174897.25
TXN-2648,2027-07-04,Checking,Business,Software,SaaS Subscription,-133.33,USD,Cleared,Merchant_4,BIZ-EXP,Project_Alpha,174763.92
TXN-2649,2027-07-04,Credit,Travel,Uber,Airport Ride,-100.91,USD,Cleared,Merchant_44,BIZ-TRAV,Travel_Q1,174663.01
TXN-2650,2027-07-05,Checking,Income,Salary,Monthly Payroll,5500,USD,Cleared,Merchant_11,INC-01,Core,180163.01
TXN-2651,2027-07-05,Credit,Food,Groceries,Weekly Shop,-139.34,USD,Cleared,Merchant_18,FOOD-01,Living,180023.67
TXN-2652,2027-07-05,Credit,Food,Groceries,Weekly Shop,-107.22,USD,Cleared,Merchant_38,FOOD-01,Living,179916.45
TXN-2653,2027-07-06,Credit,Healthcare,Pharmacy,Medical Supplies,-137.73,USD,Cleared,Merchant_9,MED-01,Wellness,179778.72
TXN-2654,2027-07-06,Credit,Business,Software,SaaS Subscription,-11.97,USD,Cleared,Merchant_9,BIZ-EXP,Project_Alpha,179766.75
TXN-2655,2027-07-06,Checking,Business,Software,SaaS Subscription,-53.3,USD,Cleared,Merchant_24,BIZ-EXP,Project_Alpha,179713.45
TXN-2656,2027-07-07,Credit,Lifestyle,Entertainment,Cinema/Streaming,-12.03,USD,Cleared,Merchant_38,ENT-01,Personal,179701.42
TXN-2657,2027-07-07,Credit,Transport,Fuel,Gas Station,-27.09,USD,Cleared,Merchant_11,TRA-01,Commute,179674.33
TXN-2658,2027-07-07,Credit,Dining,Restaurant,Client Lunch,-34.21,USD,Cleared,Merchant_31,BIZ-MEAL,Sales,179640.12
TXN-2659,2027-07-08,Checking,Business,Software,SaaS Subscription,-113.26,USD,Cleared,Merchant_35,BIZ-EXP,Project_Alpha,179526.86
TXN-2660,2027-07-08,Checking,Dining,Restaurant,Client Lunch,-143.04,USD,Cleared,Merchant_28,BIZ-MEAL,Sales,179383.82
TXN-2661,2027-07-08,Checking,Food,Groceries,Weekly Shop,-53.44,USD,Cleared,Merchant_41,FOOD-01,Living,179330.38
TXN-2662,2027-07-09,Credit,Dining,Restaurant,Client Lunch,-85.52,USD,Cleared,Merchant_17,BIZ-MEAL,Sales,179244.86
TXN-2663,2027-07-09,Checking,Transport,Fuel,Gas Station,-71.76,USD,Cleared,Merchant_31,TRA-01,Commute,179173.10
TXN-2664,2027-07-09,Credit,Transport,Fuel,Gas Station,-136.91,USD,Cleared,Merchant_49,TRA-01,Commute,179036.19
TXN-2665,2027-07-10,Checking,Lifestyle,Entertainment,Cinema/Streaming,-112.42,USD,Cleared,Merchant_43,ENT-01,Personal,178923.77
TXN-2666,2027-07-10,Checking,Dining,Restaurant,Client Lunch,-123.38,USD,Cleared,Merchant_28,BIZ-MEAL,Sales,178800.39
TXN-2667,2027-07-10,Credit,Lifestyle,Entertainment,Cinema/Streaming,-92.71,USD,Cleared,Merchant_48,ENT-01,Personal,178707.68
TXN-2668,2027-07-11,Credit,Food,Groceries,Weekly Shop,-121.24,USD,Cleared,Merchant_23,FOOD-01,Living,178586.44
TXN-2669,2027-07-11,Credit,Business,Software,SaaS Subscription,-35.56,USD,Cleared,Merchant_11,BIZ-EXP,Project_Alpha,178550.88
TXN-2670,2027-07-11,Checking,Food,Groceries,Weekly Shop,-69.17,USD,Cleared,Merchant_26,FOOD-01,Living,178481.71
TXN-2671,2027-07-12,Credit,Business,Software,SaaS Subscription,-80.39,USD,Cleared,Merchant_23,BIZ-EXP,Project_Alpha,178401.32
TXN-2672,2027-07-12,Checking,Dining,Restaurant,Client Lunch,-77.34,USD,Cleared,Merchant_34,BIZ-MEAL,Sales,178323.98
TXN-2673,2027-07-12,Credit,Food,Groceries,Weekly Shop,-147.78,USD,Cleared,Merchant_35,FOOD-01,Living,178176.20
TXN-2674,2027-07-13,Checking,Healthcare,Pharmacy,Medical Supplies,-33.16,USD,Cleared,Merchant_39,MED-01,Wellness,178143.04
TXN-2675,2027-07-13,Checking,Lifestyle,Entertainment,Cinema/Streaming,-112.37,USD,Cleared,Merchant_23,ENT-01,Personal,178030.67
TXN-2676,2027-07-13,Checking,Business,Software,SaaS Subscription,-112.88,USD,Cleared,Merchant_11,BIZ-EXP,Project_Alpha,177917.79
TXN-2677,2027-07-14,Credit,Business,Software,SaaS Subscription,-118.36,USD,Cleared,Merchant_20,BIZ-EXP,Project_Alpha,177799.43
TXN-2678,2027-07-14,Checking,Transport,Fuel,Gas Station,-145.31,USD,Cleared,Merchant_14,TRA-01,Commute,177654.12
TXN-2679,2027-07-14,Credit,Transport,Fuel,Gas Station,-95.45,USD,Cleared,Merchant_38,TRA-01,Commute,177558.67
TXN-2680,2027-07-15,Checking,Income,Salary,Monthly Payroll,5500,USD,Cleared,Merchant_46,INC-01,Core,183058.67
TXN-2681,2027-07-15,Credit,Transport,Fuel,Gas Station,-56.2,USD,Cleared,Merchant_46,TRA-01,Commute,183002.47
TXN-2682,2027-07-15,Checking,Transport,Fuel,Gas Station,-94.56,USD,Cleared,Merchant_23,TRA-01,Commute,182907.91
TXN-2683,2027-07-16,Checking,Travel,Uber,Airport Ride,-24.96,USD,Cleared,Merchant_35,BIZ-TRAV,Travel_Q1,182882.95
TXN-2684,2027-07-16,Credit,Travel,Uber,Airport Ride,-134.83,USD,Cleared,Merchant_49,BIZ-TRAV,Travel_Q1,182748.12
TXN-2685,2027-07-16,Credit,Lifestyle,Entertainment,Cinema/Streaming,-73.54,USD,Cleared,Merchant_43,ENT-01,Personal,182674.58
TXN-2686,2027-07-17,Credit,Healthcare,Pharmacy,Medical Supplies,-104.9,USD,Cleared,Merchant_14,MED-01,Wellness,182569.68
TXN-2687,2027-07-17,Checking,Travel,Uber,Airport Ride,-131.63,USD,Cleared,Merchant_37,BIZ-TRAV,Travel_Q1,182438.05
TXN-2688,2027-07-17,Credit,Food,Groceries,Weekly Shop,-111.74,USD,Cleared,Merchant_34,FOOD-01,Living,182326.31
TXN-2689,2027-07-18,Credit,Travel,Uber,Airport Ride,-80.65,USD,Cleared,Merchant_14,BIZ-TRAV,Travel_Q1,182245.66
TXN-2690,2027-07-18,Credit,Food,Groceries,Weekly Shop,-121.64,USD,Cleared,Merchant_46,FOOD-01,Living,182124.02
TXN-2691,2027-07-18,Checking,Food,Groceries,Weekly Shop,-44.61,USD,Cleared,Merchant_31,FOOD-01,Living,182079.41
TXN-2692,2027-07-19,Credit,Travel,Uber,Airport Ride,-51.63,USD,Cleared,Merchant_1,BIZ-TRAV,Travel_Q1,182027.78
TXN-2693,2027-07-19,Checking,Transport,Fuel,Gas Station,-111.69,USD,Cleared,Merchant_13,TRA-01,Commute,181916.09
TXN-2694,2027-07-19,Checking,Dining,Restaurant,Client Lunch,-74.45,USD,Cleared,Merchant_36,BIZ-MEAL,Sales,181841.64
TXN-2695,2027-07-20,Checking,Healthcare,Pharmacy,Medical Supplies,-42.13,USD,Cleared,Merchant_23,MED-01,Wellness,181799.51
TXN-2696,2027-07-20,Checking,Lifestyle,Entertainment,Cinema/Streaming,-125.22,USD,Cleared,Merchant_3,ENT-01,Personal,181674.29
TXN-2697,2027-07-20,Checking,Travel,Uber,Airport Ride,-127.29,USD,Cleared,Merchant_32,BIZ-TRAV,Travel_Q1,181547.00
TXN-2698,2027-07-21,Checking,Business,Software,SaaS Subscription,-99.05,USD,Cleared,Merchant_1,BIZ-EXP,Project_Alpha,181447.95
TXN-2699,2027-07-21,Checking,Business,Software,SaaS Subscription,-122.9,USD,Cleared,Merchant_3,BIZ-EXP,Project_Alpha,181325.05
TXN-2700,2027-07-21,Credit,Lifestyle,Entertainment,Cinema/Streaming,-80.94,USD,Cleared,Merchant_26,ENT-01,Personal,181244.11
TXN-2701,2027-07-22,Credit,Travel,Uber,Airport Ride,-138.66,USD,Cleared,Merchant_18,BIZ-TRAV,Travel_Q1,181105.45
TXN-2702,2027-07-22,Credit,Lifestyle,Entertainment,Cinema/Streaming,-46.02,USD,Cleared,Merchant_46,ENT-01,Personal,181059.43
TXN-2703,2027-07-22,Checking,Healthcare,Pharmacy,Medical Supplies,-116.21,USD,Cleared,Merchant_33,MED-01,Wellness,180943.22
TXN-2704,2027-07-23,Checking,Food,Groceries,Weekly Shop,-36.93,USD,Cleared,Merchant_18,FOOD-01,Living,180906.29
TXN-2705,2027-07-23,Checking,Lifestyle,Entertainment,Cinema/Streaming,-10.84,USD,Cleared,Merchant_26,ENT-01,Personal,180895.45
TXN-2706,2027-07-23,Credit,Food,Groceries,Weekly Shop,-98.33,USD,Cleared,Merchant_22,FOOD-01,Living,180797.12
TXN-2707,2027-07-24,Checking,Dining,Restaurant,Client Lunch,-64.05,USD,Cleared,Merchant_49,BIZ-MEAL,Sales,180733.07
TXN-2708,2027-07-24,Credit,Dining,Restaurant,Client Lunch,-110.77,USD,Cleared,Merchant_4,BIZ-MEAL,Sales,180622.30
TXN-2709,2027-07-24,Credit,Travel,Uber,Airport Ride,-119.03,USD,Cleared,Merchant_36,BIZ-TRAV,Travel_Q1,180503.27
TXN-2710,2027-07-25,Checking,Income,Salary,Monthly Payroll,5500,USD,Cleared,Merchant_34,INC-01,Core,186003.27
TXN-2711,2027-07-25,Checking,Dining,Restaurant,Client Lunch,-30.58,USD,Cleared,Merchant_8,BIZ-MEAL,Sales,185972.69
TXN-2712,2027-07-25,Checking,Lifestyle,Entertainment,Cinema/Streaming,-109.49,USD,Cleared,Merchant_26,ENT-01,Personal,185863.20
TXN-2713,2027-07-26,Checking,Dining,Restaurant,Client Lunch,-144.58,USD,Cleared,Merchant_13,BIZ-MEAL,Sales,185718.62
TXN-2714,2027-07-26,Checking,Healthcare,Pharmacy,Medical Supplies,-82.2,USD,Cleared,Merchant_44,MED-01,Wellness,185636.42
TXN-2715,2027-07-26,Checking,Lifestyle,Entertainment,Cinema/Streaming,-21,USD,Cleared,Merchant_17,ENT-01,Personal,185615.42
TXN-2716,2027-07-27,Credit,Lifestyle,Entertainment,Cinema/Streaming,-71.33,USD,Cleared,Merchant_6,ENT-01,Personal,185544.09
TXN-2717,2027-07-27,Credit,Business,Software,SaaS Subscription,-121.35,USD,Cleared,Merchant_44,BIZ-EXP,Project_Alpha,185422.74
TXN-2718,2027-07-27,Checking,Healthcare,Pharmacy,Medical Supplies,-108.57,USD,Cleared,Merchant_3,MED-01,Wellness,185314.17
TXN-2719,2027-07-28,Credit,Food,Groceries,Weekly Shop,-122.84,USD,Cleared,Merchant_38,FOOD-01,Living,185191.33
TXN-2720,2027-07-28,Checking,Healthcare,Pharmacy,Medical Supplies,-117.64,USD,Cleared,Merchant_26,MED-01,Wellness,185073.69
TXN-2721,2027-07-28,Credit,Food,Groceries,Weekly Shop,-108.21,USD,Cleared,Merchant_28,FOOD-01,Living,184965.48
TXN-2722,2027-07-29,Checking,Transport,Fuel,Gas Station,-16.82,USD,Cleared,Merchant_26,TRA-01,Commute,184948.66
TXN-2723,2027-07-29,Checking,Travel,Uber,Airport Ride,-72.35,USD,Cleared,Merchant_10,BIZ-TRAV,Travel_Q1,184876.31
TXN-2724,2027-07-29,Credit,Transport,Fuel,Gas Station,-86.46,USD,Cleared,Merchant_17,TRA-01,Commute,184789.85
TXN-2725,2027-07-30,Checking,Business,Software,SaaS Subscription,-147.74,USD,Cleared,Merchant_24,BIZ-EXP,Project_Alpha,184642.11
TXN-2726,2027-07-30,Credit,Lifestyle,Entertainment,Cinema/Streaming,-53.43,USD,Cleared,Merchant_26,ENT-01,Personal,184588.68
TXN-2727,2027-07-30,Credit,Lifestyle,Entertainment,Cinema/Streaming,-55.3,USD,Cleared,Merchant_13,ENT-01,Personal,184533.38
TXN-2728,2027-07-31,Credit,Lifestyle,Entertainment,Cinema/Streaming,-130.65,USD,Cleared,Merchant_9,ENT-01,Personal,184402.73
TXN-2729,2027-07-31,Credit,Dining,Restaurant,Client Lunch,-106.26,USD,Cleared,Merchant_37,BIZ-MEAL,Sales,184296.47
TXN-2730,2027-07-31,Checking,Lifestyle,Entertainment,Cinema/Streaming,-149.54,USD,Cleared,Merchant_12,ENT-01,Personal,184146.93
TXN-2731,2027-08-01,Credit,Travel,Uber,Airport Ride,-42.59,USD,Cleared,Merchant_47,BIZ-TRAV,Travel_Q1,184104.34
TXN-2732,2027-08-01,Checking,Travel,Uber,Airport Ride,-135.05,USD,Cleared,Merchant_4,BIZ-TRAV,Travel_Q1,183969.29
TXN-2733,2027-08-01,Credit,Lifestyle,Entertainment,Cinema/Streaming,-96.57,USD,Cleared,Merchant_35,ENT-01,Personal,183872.72
TXN-2734,2027-08-02,Checking,Dining,Restaurant,Client Lunch,-113.29,USD,Cleared,Merchant_46,BIZ-MEAL,Sales,183759.43
TXN-2735,2027-08-02,Checking,Food,Groceries,Weekly Shop,-68.66,USD,Cleared,Merchant_12,FOOD-01,Living,183690.77
TXN-2736,2027-08-02,Checking,Business,Software,SaaS Subscription,-80.09,USD,Cleared,Merchant_37,BIZ-EXP,Project_Alpha,183610.68
TXN-2737,2027-08-03,Credit,Dining,Restaurant,Client Lunch,-53.12,USD,Cleared,Merchant_0,BIZ-MEAL,Sales,183557.56
TXN-2738,2027-08-03,Checking,Healthcare,Pharmacy,Medical Supplies,-85.68,USD,Cleared,Merchant_11,MED-01,Wellness,183471.88
TXN-2739,2027-08-03,Credit,Lifestyle,Entertainment,Cinema/Streaming,-133.62,USD,Cleared,Merchant_37,ENT-01,Personal,183338.26
TXN-2740,2027-08-04,Checking,Income,Salary,Monthly Payroll,5500,USD,Cleared,Merchant_23,INC-01,Core,188838.26
TXN-2741,2027-08-04,Credit,Transport,Fuel,Gas Station,-91.97,USD,Cleared,Merchant_12,TRA-01,Commute,188746.29
TXN-2742,2027-08-04,Credit,Healthcare,Pharmacy,Medical Supplies,-125.78,USD,Cleared,Merchant_12,MED-01,Wellness,188620.51
TXN-2743,2027-08-05,Checking,Lifestyle,Entertainment,Cinema/Streaming,-116.33,USD,Cleared,Merchant_7,ENT-01,Personal,188504.18
TXN-2744,2027-08-05,Credit,Healthcare,Pharmacy,Medical Supplies,-139.64,USD,Cleared,Merchant_27,MED-01,Wellness,188364.54
TXN-2745,2027-08-05,Checking,Travel,Uber,Airport Ride,-81.4,USD,Cleared,Merchant_4,BIZ-TRAV,Travel_Q1,188283.14
TXN-2746,2027-08-06,Credit,Travel,Uber,Airport Ride,-53.37,USD,Cleared,Merchant_43,BIZ-TRAV,Travel_Q1,188229.77
TXN-2747,2027-08-06,Credit,Travel,Uber,Airport Ride,-131.96,USD,Cleared,Merchant_29,BIZ-TRAV,Travel_Q1,188097.81
TXN-2748,2027-08-06,Credit,Healthcare,Pharmacy,Medical Supplies,-98.76,USD,Cleared,Merchant_12,MED-01,Wellness,187999.05
TXN-2749,2027-08-07,Credit,Healthcare,Pharmacy,Medical Supplies,-93.24,USD,Cleared,Merchant_28,MED-01,Wellness,187905.81
TXN-2750,2027-08-07,Checking,Healthcare,Pharmacy,Medical Supplies,-20.58,USD,Cleared,Merchant_28,MED-01,Wellness,187885.23
TXN-2751,2027-08-07,Credit,Food,Groceries,Weekly Shop,-61.07,USD,Cleared,Merchant_41,FOOD-01,Living,187824.16
TXN-2752,2027-08-08,Credit,Food,Groceries,Weekly Shop,-27.04,USD,Cleared,Merchant_29,FOOD-01,Living,187797.12
TXN-2753,2027-08-08,Credit,Healthcare,Pharmacy,Medical Supplies,-22,USD,Cleared,Merchant_13,MED-01,Wellness,187775.12
TXN-2754,2027-08-08,Checking,Transport,Fuel,Gas Station,-140.06,USD,Cleared,Merchant_17,TRA-01,Commute,187635.06
TXN-2755,2027-08-09,Checking,Travel,Uber,Airport Ride,-38.9,USD,Cleared,Merchant_18,BIZ-TRAV,Travel_Q1,187596.16
TXN-2756,2027-08-09,Credit,Food,Groceries,Weekly Shop,-125.02,USD,Cleared,Merchant_29,FOOD-01,Living,187471.14
TXN-2757,2027-08-09,Credit,Food,Groceries,Weekly Shop,-143.65,USD,Cleared,Merchant_48,FOOD-01,Living,187327.49
TXN-2758,2027-08-10,Checking,Transport,Fuel,Gas Station,-54.05,USD,Cleared,Merchant_11,TRA-01,Commute,187273.44
TXN-2759,2027-08-10,Checking,Healthcare,Pharmacy,Medical Supplies,-100.72,USD,Cleared,Merchant_30,MED-01,Wellness,187172.72
TXN-2760,2027-08-10,Credit,Business,Software,SaaS Subscription,-113.56,USD,Cleared,Merchant_12,BIZ-EXP,Project_Alpha,187059.16
TXN-2761,2027-08-11,Credit,Transport,Fuel,Gas Station,-38.91,USD,Cleared,Merchant_35,TRA-01,Commute,187020.25
TXN-2762,2027-08-11,Checking,Transport,Fuel,Gas Station,-146.61,USD,Cleared,Merchant_23,TRA-01,Commute,186873.64
TXN-2763,2027-08-11,Checking,Business,Software,SaaS Subscription,-40.96,USD,Cleared,Merchant_36,BIZ-EXP,Project_Alpha,186832.68
TXN-2764,2027-08-12,Credit,Dining,Restaurant,Client Lunch,-124.97,USD,Cleared,Merchant_41,BIZ-MEAL,Sales,186707.71
TXN-2765,2027-08-12,Checking,Lifestyle,Entertainment,Cinema/Streaming,-68.34,USD,Cleared,Merchant_0,ENT-01,Personal,186639.37
TXN-2766,2027-08-12,Credit,Lifestyle,Entertainment,Cinema/Streaming,-16.2,USD,Cleared,Merchant_38,ENT-01,Personal,186623.17
TXN-2767,2027-08-13,Credit,Food,Groceries,Weekly Shop,-25.47,USD,Cleared,Merchant_49,FOOD-01,Living,186597.70
TXN-2768,2027-08-13,Credit,Business,Software,SaaS Subscription,-87.84,USD,Cleared,Merchant_13,BIZ-EXP,Project_Alpha,186509.86
TXN-2769,2027-08-13,Credit,Travel,Uber,Airport Ride,-63.42,USD,Cleared,Merchant_4,BIZ-TRAV,Travel_Q1,186446.44
TXN-2770,2027-08-14,Checking,Income,Salary,Monthly Payroll,5500,USD,Cleared,Merchant_25,INC-01,Core,191946.44
TXN-2771,2027-08-14,Checking,Lifestyle,Entertainment,Cinema/Streaming,-105.27,USD,Cleared,Merchant_10,ENT-01,Personal,191841.17
TXN-2772,2027-08-14,Checking,Transport,Fuel,Gas Station,-19.39,USD,Cleared,Merchant_1,TRA-01,Commute,191821.78
TXN-2773,2027-08-15,Checking,Food,Groceries,Weekly Shop,-25.35,USD,Cleared,Merchant_29,FOOD-01,Living,191796.43
TXN-2774,2027-08-15,Credit,Travel,Uber,Airport Ride,-76.29,USD,Cleared,Merchant_36,BIZ-TRAV,Travel_Q1,191720.14
TXN-2775,2027-08-15,Credit,Dining,Restaurant,Client Lunch,-107.85,USD,Cleared,Merchant_30,BIZ-MEAL,Sales,191612.29
TXN-2776,2027-08-16,Credit,Dining,Restaurant,Client Lunch,-47.15,USD,Cleared,Merchant_10,BIZ-MEAL,Sales,191565.14
TXN-2777,2027-08-16,Credit,Lifestyle,Entertainment,Cinema/Streaming,-32.69,USD,Cleared,Merchant_2,ENT-01,Personal,191532.45
TXN-2778,2027-08-16,Credit,Business,Software,SaaS Subscription,-98.6,USD,Cleared,Merchant_48,BIZ-EXP,Project_Alpha,191433.85
TXN-2779,2027-08-17,Credit,Food,Groceries,Weekly Shop,-94.56,USD,Cleared,Merchant_37,FOOD-01,Living,191339.29
TXN-2780,2027-08-17,Checking,Travel,Uber,Airport Ride,-109.78,USD,Cleared,Merchant_33,BIZ-TRAV,Travel_Q1,191229.51
TXN-2781,2027-08-17,Credit,Transport,Fuel,Gas Station,-62.3,USD,Cleared,Merchant_12,TRA-01,Commute,191167.21
TXN-2782,2027-08-18,Checking,Food,Groceries,Weekly Shop,-29.86,USD,Cleared,Merchant_49,FOOD-01,Living,191137.35
TXN-2783,2027-08-18,Checking,Dining,Restaurant,Client Lunch,-121.5,USD,Cleared,Merchant_34,BIZ-MEAL,Sales,191015.85
TXN-2784,2027-08-18,Credit,Lifestyle,Entertainment,Cinema/Streaming,-109.5,USD,Cleared,Merchant_5,ENT-01,Personal,190906.35
TXN-2785,2027-08-19,Credit,Dining,Restaurant,Client Lunch,-104.63,USD,Cleared,Merchant_8,BIZ-MEAL,Sales,190801.72
TXN-2786,2027-08-19,Checking,Travel,Uber,Airport Ride,-97.85,USD,Cleared,Merchant_26,BIZ-TRAV,Travel_Q1,190703.87
TXN-2787,2027-08-19,Credit,Healthcare,Pharmacy,Medical Supplies,-63.18,USD,Cleared,Merchant_4,MED-01,Wellness,190640.69
TXN-2788,2027-08-20,Credit,Food,Groceries,Weekly Shop,-121.56,USD,Cleared,Merchant_27,FOOD-01,Living,190519.13
TXN-2789,2027-08-20,Checking,Healthcare,Pharmacy,Medical Supplies,-140.85,USD,Cleared,Merchant_23,MED-01,Wellness,190378.28
TXN-2790,2027-08-20,Checking,Transport,Fuel,Gas Station,-40.81,USD,Cleared,Merchant_30,TRA-01,Commute,190337.47
TXN-2791,2027-08-21,Credit,Business,Software,SaaS Subscription,-41.49,USD,Cleared,Merchant_1,BIZ-EXP,Project_Alpha,190295.98
TXN-2792,2027-08-21,Credit,Transport,Fuel,Gas Station,-113.09,USD,Cleared,Merchant_44,TRA-01,Commute,190182.89
TXN-2793,2027-08-21,Credit,Healthcare,Pharmacy,Medical Supplies,-100.29,USD,Cleared,Merchant_33,MED-01,Wellness,190082.60
TXN-2794,2027-08-22,Checking,Food,Groceries,Weekly Shop,-122.56,USD,Cleared,Merchant_9,FOOD-01,Living,189960.04
TXN-2795,2027-08-22,Checking,Dining,Restaurant,Client Lunch,-108.78,USD,Cleared,Merchant_16,BIZ-MEAL,Sales,189851.26
TXN-2796,2027-08-22,Credit,Healthcare,Pharmacy,Medical Supplies,-147.55,USD,Cleared,Merchant_10,MED-01,Wellness,189703.71
TXN-2797,2027-08-23,Credit,Healthcare,Pharmacy,Medical Supplies,-63.51,USD,Cleared,Merchant_33,MED-01,Wellness,189640.20
TXN-2798,2027-08-23,Checking,Transport,Fuel,Gas Station,-132.08,USD,Cleared,Merchant_19,TRA-01,Commute,189508.12
TXN-2799,2027-08-23,Checking,Lifestyle,Entertainment,Cinema/Streaming,-95.77,USD,Cleared,Merchant_4,ENT-01,Personal,189412.35
TXN-2800,2027-08-24,Checking,Income,Salary,Monthly Payroll,5500,USD,Cleared,Merchant_22,INC-01,Core,194912.35
TXN-2801,2027-08-24,Credit,Dining,Restaurant,Client Lunch,-132.65,USD,Cleared,Merchant_40,BIZ-MEAL,Sales,194779.70
TXN-2802,2027-08-24,Checking,Travel,Uber,Airport Ride,-145.73,USD,Cleared,Merchant_4,BIZ-TRAV,Travel_Q1,194633.97
TXN-2803,2027-08-25,Credit,Travel,Uber,Airport Ride,-115.56,USD,Cleared,Merchant_8,BIZ-TRAV,Travel_Q1,194518.41
TXN-2804,2027-08-25,Checking,Food,Groceries,Weekly Shop,-35.82,USD,Cleared,Merchant_23,FOOD-01,Living,194482.59
TXN-2805,2027-08-25,Credit,Dining,Restaurant,Client Lunch,-97.84,USD,Cleared,Merchant_25,BIZ-MEAL,Sales,194384.75
TXN-2806,2027-08-26,Credit,Business,Software,SaaS Subscription,-28.24,USD,Cleared,Merchant_46,BIZ-EXP,Project_Alpha,194356.51
TXN-2807,2027-08-26,Checking,Lifestyle,Entertainment,Cinema/Streaming,-26.04,USD,Cleared,Merchant_15,ENT-01,Personal,194330.47
TXN-2808,2027-08-26,Credit,Transport,Fuel,Gas Station,-11.03,USD,Cleared,Merchant_18,TRA-01,Commute,194319.44
TXN-2809,2027-08-27,Checking,Lifestyle,Entertainment,Cinema/Streaming,-12.58,USD,Cleared,Merchant_43,ENT-01,Personal,194306.86
TXN-2810,2027-08-27,Credit,Transport,Fuel,Gas Station,-59.33,USD,Cleared,Merchant_30,TRA-01,Commute,194247.53
TXN-2811,2027-08-27,Checking,Business,Software,SaaS Subscription,-102.98,USD,Cleared,Merchant_11,BIZ-EXP,Project_Alpha,194144.55
TXN-2812,2027-08-28,Checking,Travel,Uber,Airport Ride,-113.2,USD,Cleared,Merchant_31,BIZ-TRAV,Travel_Q1,194031.35
TXN-2813,2027-08-28,Checking,Healthcare,Pharmacy,Medical Supplies,-106.31,USD,Cleared,Merchant_34,MED-01,Wellness,193925.04
TXN-2814,2027-08-28,Credit,Dining,Restaurant,Client Lunch,-21.1,USD,Cleared,Merchant_4,BIZ-MEAL,Sales,193903.94
TXN-2815,2027-08-29,Checking,Lifestyle,Entertainment,Cinema/Streaming,-115.57,USD,Cleared,Merchant_47,ENT-01,Personal,193788.37
TXN-2816,2027-08-29,Credit,Food,Groceries,Weekly Shop,-61.71,USD,Cleared,Merchant_38,FOOD-01,Living,193726.66
TXN-2817,2027-08-29,Credit,Transport,Fuel,Gas Station,-76.76,USD,Cleared,Merchant_12,TRA-01,Commute,193649.90
TXN-2818,2027-08-30,Credit,Travel,Uber,Airport Ride,-39.89,USD,Cleared,Merchant_25,BIZ-TRAV,Travel_Q1,193610.01
TXN-2819,2027-08-30,Credit,Dining,Restaurant,Client Lunch,-62.91,USD,Cleared,Merchant_24,BIZ-MEAL,Sales,193547.10
TXN-2820,2027-08-30,Checking,Business,Software,SaaS Subscription,-70.08,USD,Cleared,Merchant_34,BIZ-EXP,Project_Alpha,193477.02
TXN-2821,2027-08-31,Credit,Dining,Restaurant,Client Lunch,-31.88,USD,Cleared,Merchant_22,BIZ-MEAL,Sales,193445.14
TXN-2822,2027-08-31,Credit,Travel,Uber,Airport Ride,-138.89,USD,Cleared,Merchant_43,BIZ-TRAV,Travel_Q1,193306.25
TXN-2823,2027-08-31,Credit,Dining,Restaurant,Client Lunch,-126.05,USD,Cleared,Merchant_35,BIZ-MEAL,Sales,193180.20
TXN-2824,2027-09-01,Credit,Food,Groceries,Weekly Shop,-125.39,USD,Cleared,Merchant_3,FOOD-01,Living,193054.81
TXN-2825,2027-09-01,Credit,Lifestyle,Entertainment,Cinema/Streaming,-59.28,USD,Cleared,Merchant_35,ENT-01,Personal,192995.53
TXN-2826,2027-09-01,Credit,Dining,Restaurant,Client Lunch,-37.91,USD,Cleared,Merchant_16,BIZ-MEAL,Sales,192957.62
TXN-2827,2027-09-02,Credit,Dining,Restaurant,Client Lunch,-95.75,USD,Cleared,Merchant_26,BIZ-MEAL,Sales,192861.87
TXN-2828,2027-09-02,Checking,Healthcare,Pharmacy,Medical Supplies,-137.54,USD,Cleared,Merchant_13,MED-01,Wellness,192724.33
TXN-2829,2027-09-02,Credit,Dining,Restaurant,Client Lunch,-78.65,USD,Cleared,Merchant_15,BIZ-MEAL,Sales,192645.68
TXN-2830,2027-09-03,Checking,Income,Salary,Monthly Payroll,5500,USD,Cleared,Merchant_13,INC-01,Core,198145.68
TXN-2831,2027-09-03,Credit,Transport,Fuel,Gas Station,-109.2,USD,Cleared,Merchant_39,TRA-01,Commute,198036.48
TXN-2832,2027-09-03,Credit,Travel,Uber,Airport Ride,-85.45,USD,Cleared,Merchant_20,BIZ-TRAV,Travel_Q1,197951.03
TXN-2833,2027-09-04,Credit,Lifestyle,Entertainment,Cinema/Streaming,-135.76,USD,Cleared,Merchant_17,ENT-01,Personal,197815.27
TXN-2834,2027-09-04,Credit,Food,Groceries,Weekly Shop,-122.61,USD,Cleared,Merchant_9,FOOD-01,Living,197692.66
TXN-2835,2027-09-04,Checking,Business,Software,SaaS Subscription,-147.96,USD,Cleared,Merchant_41,BIZ-EXP,Project_Alpha,197544.70
TXN-2836,2027-09-05,Credit,Dining,Restaurant,Client Lunch,-21.45,USD,Cleared,Merchant_38,BIZ-MEAL,Sales,197523.25
TXN-2837,2027-09-05,Credit,Business,Software,SaaS Subscription,-62.66,USD,Cleared,Merchant_8,BIZ-EXP,Project_Alpha,197460.59
TXN-2838,2027-09-05,Checking,Healthcare,Pharmacy,Medical Supplies,-43,USD,Cleared,Merchant_28,MED-01,Wellness,197417.59
TXN-2839,2027-09-06,Credit,Transport,Fuel,Gas Station,-41.58,USD,Cleared,Merchant_2,TRA-01,Commute,197376.01
TXN-2840,2027-09-06,Checking,Travel,Uber,Airport Ride,-138.5,USD,Cleared,Merchant_25,BIZ-TRAV,Travel_Q1,197237.51
TXN-2841,2027-09-06,Checking,Travel,Uber,Airport Ride,-92.51,USD,Cleared,Merchant_44,BIZ-TRAV,Travel_Q1,197145.00
TXN-2842,2027-09-07,Credit,Dining,Restaurant,Client Lunch,-97.61,USD,Cleared,Merchant_37,BIZ-MEAL,Sales,197047.39
TXN-2843,2027-09-07,Credit,Lifestyle,Entertainment,Cinema/Streaming,-32.61,USD,Cleared,Merchant_28,ENT-01,Personal,197014.78
TXN-2844,2027-09-07,Checking,Healthcare,Pharmacy,Medical Supplies,-84.15,USD,Cleared,Merchant_6,MED-01,Wellness,196930.63
TXN-2845,2027-09-08,Credit,Food,Groceries,Weekly Shop,-103.98,USD,Cleared,Merchant_4,FOOD-01,Living,196826.65
TXN-2846,2027-09-08,Credit,Transport,Fuel,Gas Station,-100.61,USD,Cleared,Merchant_39,TRA-01,Commute,196726.04
TXN-2847,2027-09-08,Credit,Transport,Fuel,Gas Station,-83.73,USD,Cleared,Merchant_1,TRA-01,Commute,196642.31
TXN-2848,2027-09-09,Checking,Lifestyle,Entertainment,Cinema/Streaming,-21.88,USD,Cleared,Merchant_9,ENT-01,Personal,196620.43
TXN-2849,2027-09-09,Credit,Business,Software,SaaS Subscription,-37.94,USD,Cleared,Merchant_34,BIZ-EXP,Project_Alpha,196582.49
TXN-2850,2027-09-09,Checking,Lifestyle,Entertainment,Cinema/Streaming,-87.83,USD,Cleared,Merchant_36,ENT-01,Personal,196494.66
TXN-2851,2027-09-10,Checking,Travel,Uber,Airport Ride,-139.23,USD,Cleared,Merchant_1,BIZ-TRAV,Travel_Q1,196355.43
TXN-2852,2027-09-10,Credit,Travel,Uber,Airport Ride,-72.24,USD,Cleared,Merchant_13,BIZ-TRAV,Travel_Q1,196283.19
TXN-2853,2027-09-10,Credit,Business,Software,SaaS Subscription,-146.56,USD,Cleared,Merchant_14,BIZ-EXP,Project_Alpha,196136.63
TXN-2854,2027-09-11,Checking,Food,Groceries,Weekly Shop,-10.92,USD,Cleared,Merchant_30,FOOD-01,Living,196125.71
TXN-2855,2027-09-11,Credit,Food,Groceries,Weekly Shop,-89.25,USD,Cleared,Merchant_3,FOOD-01,Living,196036.46
TXN-2856,2027-09-11,Checking,Business,Software,SaaS Subscription,-130.82,USD,Cleared,Merchant_5,BIZ-EXP,Project_Alpha,195905.64
TXN-2857,2027-09-12,Credit,Healthcare,Pharmacy,Medical Supplies,-134.83,USD,Cleared,Merchant_36,MED-01,Wellness,195770.81
TXN-2858,2027-09-12,Checking,Business,Software,SaaS Subscription,-95.32,USD,Cleared,Merchant_26,BIZ-EXP,Project_Alpha,195675.49
TXN-2859,2027-09-12,Credit,Travel,Uber,Airport Ride,-83.41,USD,Cleared,Merchant_35,BIZ-TRAV,Travel_Q1,195592.08
TXN-2860,2027-09-13,Checking,Income,Salary,Monthly Payroll,5500,USD,Cleared,Merchant_17,INC-01,Core,201092.08
TXN-2861,2027-09-13,Checking,Lifestyle,Entertainment,Cinema/Streaming,-103.05,USD,Cleared,Merchant_29,ENT-01,Personal,200989.03
TXN-2862,2027-09-13,Credit,Transport,Fuel,Gas Station,-65.24,USD,Cleared,Merchant_24,TRA-01,Commute,200923.79
TXN-2863,2027-09-14,Credit,Lifestyle,Entertainment,Cinema/Streaming,-35.51,USD,Cleared,Merchant_15,ENT-01,Personal,200888.28
TXN-2864,2027-09-14,Checking,Transport,Fuel,Gas Station,-106.18,USD,Cleared,Merchant_9,TRA-01,Commute,200782.10
TXN-2865,2027-09-14,Checking,Transport,Fuel,Gas Station,-116.14,USD,Cleared,Merchant_38,TRA-01,Commute,200665.96
TXN-2866,2027-09-15,Credit,Travel,Uber,Airport Ride,-27.16,USD,Cleared,Merchant_15,BIZ-TRAV,Travel_Q1,200638.80
TXN-2867,2027-09-15,Checking,Business,Software,SaaS Subscription,-105.3,USD,Cleared,Merchant_11,BIZ-EXP,Project_Alpha,200533.50
TXN-2868,2027-09-15,Checking,Lifestyle,Entertainment,Cinema/Streaming,-39.64,USD,Cleared,Merchant_0,ENT-01,Personal,200493.86
TXN-2869,2027-09-16,Credit,Healthcare,Pharmacy,Medical Supplies,-69.15,USD,Cleared,Merchant_4,MED-01,Wellness,200424.71
TXN-2870,2027-09-16,Credit,Food,Groceries,Weekly Shop,-132.86,USD,Cleared,Merchant_35,FOOD-01,Living,200291.85
TXN-2871,2027-09-16,Credit,Dining,Restaurant,Client Lunch,-114.75,USD,Cleared,Merchant_28,BIZ-MEAL,Sales,200177.10
TXN-2872,2027-09-17,Checking,Travel,Uber,Airport Ride,-24.44,USD,Cleared,Merchant_19,BIZ-TRAV,Travel_Q1,200152.66
TXN-2873,2027-09-17,Checking,Transport,Fuel,Gas Station,-90.52,USD,Cleared,Merchant_40,TRA-01,Commute,200062.14
TXN-2874,2027-09-17,Checking,Lifestyle,Entertainment,Cinema/Streaming,-134.71,USD,Cleared,Merchant_38,ENT-01,Personal,199927.43
TXN-2875,2027-09-18,Checking,Transport,Fuel,Gas Station,-126.32,USD,Cleared,Merchant_31,TRA-01,Commute,199801.11
TXN-2876,2027-09-18,Credit,Dining,Restaurant,Client Lunch,-102.37,USD,Cleared,Merchant_4,BIZ-MEAL,Sales,199698.74
TXN-2877,2027-09-18,Credit,Dining,Restaurant,Client Lunch,-105.02,USD,Cleared,Merchant_17,BIZ-MEAL,Sales,199593.72
TXN-2878,2027-09-19,Credit,Food,Groceries,Weekly Shop,-147.97,USD,Cleared,Merchant_3,FOOD-01,Living,199445.75
TXN-2879,2027-09-19,Checking,Lifestyle,Entertainment,Cinema/Streaming,-116.54,USD,Cleared,Merchant_12,ENT-01,Personal,199329.21
TXN-2880,2027-09-19,Checking,Business,Software,SaaS Subscription,-26.11,USD,Cleared,Merchant_38,BIZ-EXP,Project_Alpha,199303.10
TXN-2881,2027-09-20,Credit,Travel,Uber,Airport Ride,-61.32,USD,Cleared,Merchant_48,BIZ-TRAV,Travel_Q1,199241.78
TXN-2882,2027-09-20,Checking,Business,Software,SaaS Subscription,-79.33,USD,Cleared,Merchant_35,BIZ-EXP,Project_Alpha,199162.45
TXN-2883,2027-09-20,Credit,Lifestyle,Entertainment,Cinema/Streaming,-134.34,USD,Cleared,Merchant_9,ENT-01,Personal,199028.11
TXN-2884,2027-09-21,Credit,Transport,Fuel,Gas Station,-85.83,USD,Cleared,Merchant_24,TRA-01,Commute,198942.28
TXN-2885,2027-09-21,Credit,Healthcare,Pharmacy,Medical Supplies,-94.62,USD,Cleared,Merchant_40,MED-01,Wellness,198847.66
TXN-2886,2027-09-21,Credit,Lifestyle,Entertainment,Cinema/Streaming,-85.72,USD,Cleared,Merchant_23,ENT-01,Personal,198761.94
TXN-2887,2027-09-22,Checking,Food,Groceries,Weekly Shop,-12.65,USD,Cleared,Merchant_9,FOOD-01,Living,198749.29
TXN-2888,2027-09-22,Credit,Dining,Restaurant,Client Lunch,-84.84,USD,Cleared,Merchant_14,BIZ-MEAL,Sales,198664.45
TXN-2889,2027-09-22,Checking,Travel,Uber,Airport Ride,-34.33,USD,Cleared,Merchant_4,BIZ-TRAV,Travel_Q1,198630.12
TXN-2890,2027-09-23,Checking,Income,Salary,Monthly Payroll,5500,USD,Cleared,Merchant_10,INC-01,Core,204130.12
TXN-2891,2027-09-23,Checking,Lifestyle,Entertainment,Cinema/Streaming,-89.68,USD,Cleared,Merchant_4,ENT-01,Personal,204040.44
TXN-2892,2027-09-23,Checking,Lifestyle,Entertainment,Cinema/Streaming,-17.37,USD,Cleared,Merchant_17,ENT-01,Personal,204023.07
TXN-2893,2027-09-24,Credit,Business,Software,SaaS Subscription,-21.57,USD,Cleared,Merchant_43,BIZ-EXP,Project_Alpha,204001.50
TXN-2894,2027-09-24,Credit,Healthcare,Pharmacy,Medical Supplies,-38.49,USD,Cleared,Merchant_42,MED-01,Wellness,203963.01
TXN-2895,2027-09-24,Credit,Healthcare,Pharmacy,Medical Supplies,-19.61,USD,Cleared,Merchant_22,MED-01,Wellness,203943.40
TXN-2896,2027-09-25,Credit,Lifestyle,Entertainment,Cinema/Streaming,-82.29,USD,Cleared,Merchant_48,ENT-01,Personal,203861.11
TXN-2897,2027-09-25,Checking,Lifestyle,Entertainment,Cinema/Streaming,-88.68,USD,Cleared,Merchant_46,ENT-01,Personal,203772.43
TXN-2898,2027-09-25,Credit,Healthcare,Pharmacy,Medical Supplies,-12.56,USD,Cleared,Merchant_41,MED-01,Wellness,203759.87
TXN-2899,2027-09-26,Checking,Business,Software,SaaS Subscription,-116.92,USD,Cleared,Merchant_3,BIZ-EXP,Project_Alpha,203642.95
TXN-2900,2027-09-26,Checking,Transport,Fuel,Gas Station,-20.37,USD,Cleared,Merchant_38,TRA-01,Commute,203622.58
TXN-2901,2027-09-26,Credit,Business,Software,SaaS Subscription,-139.08,USD,Cleared,Merchant_35,BIZ-EXP,Project_Alpha,203483.50
TXN-2902,2027-09-27,Checking,Lifestyle,Entertainment,Cinema/Streaming,-40.81,USD,Cleared,Merchant_19,ENT-01,Personal,203442.69
TXN-2903,2027-09-27,Credit,Travel,Uber,Airport Ride,-54.79,USD,Cleared,Merchant_4,BIZ-TRAV,Travel_Q1,203387.90
TXN-2904,2027-09-27,Checking,Food,Groceries,Weekly Shop,-61.74,USD,Cleared,Merchant_37,FOOD-01,Living,203326.16
TXN-2905,2027-09-28,Checking,Healthcare,Pharmacy,Medical Supplies,-131.56,USD,Cleared,Merchant_34,MED-01,Wellness,203194.60
TXN-2906,2027-09-28,Checking,Transport,Fuel,Gas Station,-19.85,USD,Cleared,Merchant_38,TRA-01,Commute,203174.75
TXN-2907,2027-09-28,Credit,Transport,Fuel,Gas Station,-110.61,USD,Cleared,Merchant_34,TRA-01,Commute,203064.14
TXN-2908,2027-09-29,Checking,Transport,Fuel,Gas Station,-94.34,USD,Cleared,Merchant_26,TRA-01,Commute,202969.80
TXN-2909,2027-09-29,Checking,Travel,Uber,Airport Ride,-84.86,USD,Cleared,Merchant_23,BIZ-TRAV,Travel_Q1,202884.94
TXN-2910,2027-09-29,Credit,Dining,Restaurant,Client Lunch,-61.28,USD,Cleared,Merchant_21,BIZ-MEAL,Sales,202823.66
TXN-2911,2027-09-30,Checking,Lifestyle,Entertainment,Cinema/Streaming,-111.52,USD,Cleared,Merchant_5,ENT-01,Personal,202712.14
TXN-2912,2027-09-30,Credit,Healthcare,Pharmacy,Medical Supplies,-57.61,USD,Cleared,Merchant_11,MED-01,Wellness,202654.53
TXN-2913,2027-09-30,Checking,Business,Software,SaaS Subscription,-80.36,USD,Cleared,Merchant_2,BIZ-EXP,Project_Alpha,202574.17
TXN-2914,2027-10-01,Checking,Dining,Restaurant,Client Lunch,-15.02,USD,Cleared,Merchant_4,BIZ-MEAL,Sales,202559.15
TXN-2915,2027-10-01,Checking,Dining,Restaurant,Client Lunch,-120.18,USD,Cleared,Merchant_8,BIZ-MEAL,Sales,202438.97
TXN-2916,2027-10-01,Credit,Healthcare,Pharmacy,Medical Supplies,-62.61,USD,Cleared,Merchant_39,MED-01,Wellness,202376.36
TXN-2917,2027-10-02,Checking,Transport,Fuel,Gas Station,-141.42,USD,Cleared,Merchant_33,TRA-01,Commute,202234.94
TXN-2918,2027-10-02,Checking,Dining,Restaurant,Client Lunch,-119.7,USD,Cleared,Merchant_8,BIZ-MEAL,Sales,202115.24
TXN-2919,2027-10-02,Checking,Food,Groceries,Weekly Shop,-117.08,USD,Cleared,Merchant_10,FOOD-01,Living,201998.16
TXN-2920,2027-10-03,Checking,Income,Salary,Monthly Payroll,5500,USD,Cleared,Merchant_34,INC-01,Core,207498.16
TXN-2921,2027-10-03,Checking,Transport,Fuel,Gas Station,-44.99,USD,Cleared,Merchant_30,TRA-01,Commute,207453.17
TXN-2922,2027-10-03,Credit,Healthcare,Pharmacy,Medical Supplies,-36.1,USD,Cleared,Merchant_22,MED-01,Wellness,207417.07
TXN-2923,2027-10-04,Credit,Transport,Fuel,Gas Station,-33.95,USD,Cleared,Merchant_39,TRA-01,Commute,207383.12
TXN-2924,2027-10-04,Credit,Dining,Restaurant,Client Lunch,-40.56,USD,Cleared,Merchant_43,BIZ-MEAL,Sales,207342.56
TXN-2925,2027-10-04,Checking,Lifestyle,Entertainment,Cinema/Streaming,-85.17,USD,Cleared,Merchant_28,ENT-01,Personal,207257.39
TXN-2926,2027-10-05,Credit,Healthcare,Pharmacy,Medical Supplies,-50.98,USD,Cleared,Merchant_48,MED-01,Wellness,207206.41
TXN-2927,2027-10-05,Credit,Business,Software,SaaS Subscription,-140.34,USD,Cleared,Merchant_26,BIZ-EXP,Project_Alpha,207066.07
TXN-2928,2027-10-05,Credit,Lifestyle,Entertainment,Cinema/Streaming,-34.92,USD,Cleared,Merchant_23,ENT-01,Personal,207031.15
TXN-2929,2027-10-06,Checking,Food,Groceries,Weekly Shop,-117.29,USD,Cleared,Merchant_24,FOOD-01,Living,206913.86
TXN-2930,2027-10-06,Credit,Dining,Restaurant,Client Lunch,-60.7,USD,Cleared,Merchant_18,BIZ-MEAL,Sales,206853.16
TXN-2931,2027-10-06,Checking,Dining,Restaurant,Client Lunch,-130.42,USD,Cleared,Merchant_48,BIZ-MEAL,Sales,206722.74
TXN-2932,2027-10-07,Credit,Travel,Uber,Airport Ride,-104.37,USD,Cleared,Merchant_38,BIZ-TRAV,Travel_Q1,206618.37
TXN-2933,2027-10-07,Checking,Lifestyle,Entertainment,Cinema/Streaming,-38.06,USD,Cleared,Merchant_48,ENT-01,Personal,206580.31
TXN-2934,2027-10-07,Checking,Healthcare,Pharmacy,Medical Supplies,-26.55,USD,Cleared,Merchant_43,MED-01,Wellness,206553.76
TXN-2935,2027-10-08,Checking,Healthcare,Pharmacy,Medical Supplies,-64.06,USD,Cleared,Merchant_15,MED-01,Wellness,206489.70
TXN-2936,2027-10-08,Credit,Lifestyle,Entertainment,Cinema/Streaming,-29.14,USD,Cleared,Merchant_25,ENT-01,Personal,206460.56
TXN-2937,2027-10-08,Credit,Dining,Restaurant,Client Lunch,-22.43,USD,Cleared,Merchant_31,BIZ-MEAL,Sales,206438.13
TXN-2938,2027-10-09,Checking,Lifestyle,Entertainment,Cinema/Streaming,-131.4,USD,Cleared,Merchant_34,ENT-01,Personal,206306.73
TXN-2939,2027-10-09,Checking,Healthcare,Pharmacy,Medical Supplies,-74.67,USD,Cleared,Merchant_25,MED-01,Wellness,206232.06
TXN-2940,2027-10-09,Checking,Food,Groceries,Weekly Shop,-110.38,USD,Cleared,Merchant_11,FOOD-01,Living,206121.68
TXN-2941,2027-10-10,Credit,Transport,Fuel,Gas Station,-104.55,USD,Cleared,Merchant_7,TRA-01,Commute,206017.13
TXN-2942,2027-10-10,Checking,Lifestyle,Entertainment,Cinema/Streaming,-109.81,USD,Cleared,Merchant_41,ENT-01,Personal,205907.32
TXN-2943,2027-10-10,Checking,Food,Groceries,Weekly Shop,-38.07,USD,Cleared,Merchant_40,FOOD-01,Living,205869.25
TXN-2944,2027-10-11,Checking,Food,Groceries,Weekly Shop,-64.21,USD,Cleared,Merchant_24,FOOD-01,Living,205805.04
TXN-2945,2027-10-11,Checking,Travel,Uber,Airport Ride,-143.23,USD,Cleared,Merchant_28,BIZ-TRAV,Travel_Q1,205661.81
TXN-2946,2027-10-11,Checking,Business,Software,SaaS Subscription,-65.73,USD,Cleared,Merchant_34,BIZ-EXP,Project_Alpha,205596.08
TXN-2947,2027-10-12,Credit,Lifestyle,Entertainment,Cinema/Streaming,-142.39,USD,Cleared,Merchant_21,ENT-01,Personal,205453.69
TXN-2948,2027-10-12,Checking,Food,Groceries,Weekly Shop,-108.98,USD,Cleared,Merchant_11,FOOD-01,Living,205344.71
TXN-2949,2027-10-12,Credit,Travel,Uber,Airport Ride,-111.75,USD,Cleared,Merchant_21,BIZ-TRAV,Travel_Q1,205232.96
TXN-2950,2027-10-13,Checking,Income,Salary,Monthly Payroll,5500,USD,Cleared,Merchant_41,INC-01,Core,210732.96
TXN-2951,2027-10-13,Checking,Business,Software,SaaS Subscription,-89.67,USD,Cleared,Merchant_28,BIZ-EXP,Project_Alpha,210643.29
TXN-2952,2027-10-13,Checking,Lifestyle,Entertainment,Cinema/Streaming,-38.39,USD,Cleared,Merchant_47,ENT-01,Personal,210604.90
TXN-2953,2027-10-14,Checking,Lifestyle,Entertainment,Cinema/Streaming,-31.01,USD,Cleared,Merchant_35,ENT-01,Personal,210573.89
TXN-2954,2027-10-14,Credit,Healthcare,Pharmacy,Medical Supplies,-80.4,USD,Cleared,Merchant_24,MED-01,Wellness,210493.49
TXN-2955,2027-10-14,Credit,Food,Groceries,Weekly Shop,-131.76,USD,Cleared,Merchant_25,FOOD-01,Living,210361.73
TXN-2956,2027-10-15,Checking,Lifestyle,Entertainment,Cinema/Streaming,-101.09,USD,Cleared,Merchant_29,ENT-01,Personal,210260.64
TXN-2957,2027-10-15,Checking,Travel,Uber,Airport Ride,-83.42,USD,Cleared,Merchant_28,BIZ-TRAV,Travel_Q1,210177.22
TXN-2958,2027-10-15,Credit,Business,Software,SaaS Subscription,-86.08,USD,Cleared,Merchant_3,BIZ-EXP,Project_Alpha,210091.14
TXN-2959,2027-10-16,Credit,Food,Groceries,Weekly Shop,-130.69,USD,Cleared,Merchant_41,FOOD-01,Living,209960.45
TXN-2960,2027-10-16,Credit,Travel,Uber,Airport Ride,-127.94,USD,Cleared,Merchant_31,BIZ-TRAV,Travel_Q1,209832.51
TXN-2961,2027-10-16,Credit,Business,Software,SaaS Subscription,-147.71,USD,Cleared,Merchant_14,BIZ-EXP,Project_Alpha,209684.80
TXN-2962,2027-10-17,Checking,Healthcare,Pharmacy,Medical Supplies,-98.32,USD,Cleared,Merchant_14,MED-01,Wellness,209586.48
TXN-2963,2027-10-17,Checking,Transport,Fuel,Gas Station,-117.71,USD,Cleared,Merchant_6,TRA-01,Commute,209468.77
TXN-2964,2027-10-17,Checking,Food,Groceries,Weekly Shop,-66.13,USD,Cleared,Merchant_45,FOOD-01,Living,209402.64
TXN-2965,2027-10-18,Checking,Lifestyle,Entertainment,Cinema/Streaming,-81.95,USD,Cleared,Merchant_12,ENT-01,Personal,209320.69
TXN-2966,2027-10-18,Credit,Healthcare,Pharmacy,Medical Supplies,-30.78,USD,Cleared,Merchant_16,MED-01,Wellness,209289.91
TXN-2967,2027-10-18,Checking,Food,Groceries,Weekly Shop,-30.37,USD,Cleared,Merchant_28,FOOD-01,Living,209259.54
TXN-2968,2027-10-19,Checking,Transport,Fuel,Gas Station,-59.08,USD,Cleared,Merchant_22,TRA-01,Commute,209200.46
TXN-2969,2027-10-19,Credit,Business,Software,SaaS Subscription,-108.82,USD,Cleared,Merchant_23,BIZ-EXP,Project_Alpha,209091.64
TXN-2970,2027-10-19,Credit,Dining,Restaurant,Client Lunch,-103.6,USD,Cleared,Merchant_48,BIZ-MEAL,Sales,208988.04
TXN-2971,2027-10-20,Credit,Lifestyle,Entertainment,Cinema/Streaming,-129,USD,Cleared,Merchant_20,ENT-01,Personal,208859.04
TXN-2972,2027-10-20,Credit,Lifestyle,Entertainment,Cinema/Streaming,-149.36,USD,Cleared,Merchant_49,ENT-01,Personal,208709.68
TXN-2973,2027-10-20,Credit,Dining,Restaurant,Client Lunch,-97.05,USD,Cleared,Merchant_37,BIZ-MEAL,Sales,208612.63
TXN-2974,2027-10-21,Credit,Dining,Restaurant,Client Lunch,-47.14,USD,Cleared,Merchant_42,BIZ-MEAL,Sales,208565.49
TXN-2975,2027-10-21,Credit,Transport,Fuel,Gas Station,-12.17,USD,Cleared,Merchant_18,TRA-01,Commute,208553.32
TXN-2976,2027-10-21,Checking,Food,Groceries,Weekly Shop,-59.81,USD,Cleared,Merchant_4,FOOD-01,Living,208493.51
TXN-2977,2027-10-22,Checking,Travel,Uber,Airport Ride,-103.44,USD,Cleared,Merchant_48,BIZ-TRAV,Travel_Q1,208390.07
TXN-2978,2027-10-22,Credit,Travel,Uber,Airport Ride,-48.94,USD,Cleared,Merchant_21,BIZ-TRAV,Travel_Q1,208341.13
TXN-2979,2027-10-22,Checking,Lifestyle,Entertainment,Cinema/Streaming,-61.89,USD,Cleared,Merchant_20,ENT-01,Personal,208279.24
TXN-2980,2027-10-23,Checking,Income,Salary,Monthly Payroll,5500,USD,Cleared,Merchant_16,INC-01,Core,213779.24
TXN-2981,2027-10-23,Checking,Transport,Fuel,Gas Station,-92.78,USD,Cleared,Merchant_8,TRA-01,Commute,213686.46
TXN-2982,2027-10-23,Credit,Healthcare,Pharmacy,Medical Supplies,-107.88,USD,Cleared,Merchant_40,MED-01,Wellness,213578.58
TXN-2983,2027-10-24,Checking,Travel,Uber,Airport Ride,-42.17,USD,Cleared,Merchant_34,BIZ-TRAV,Travel_Q1,213536.41
TXN-2984,2027-10-24,Credit,Healthcare,Pharmacy,Medical Supplies,-11.4,USD,Cleared,Merchant_15,MED-01,Wellness,213525.01
TXN-2985,2027-10-24,Checking,Lifestyle,Entertainment,Cinema/Streaming,-19.83,USD,Cleared,Merchant_8,ENT-01,Personal,213505.18
TXN-2986,2027-10-25,Checking,Food,Groceries,Weekly Shop,-55.18,USD,Cleared,Merchant_2,FOOD-01,Living,213450.00
TXN-2987,2027-10-25,Checking,Healthcare,Pharmacy,Medical Supplies,-140.64,USD,Cleared,Merchant_39,MED-01,Wellness,213309.36
TXN-2988,2027-10-25,Checking,Lifestyle,Entertainment,Cinema/Streaming,-25.72,USD,Cleared,Merchant_10,ENT-01,Personal,213283.64
TXN-2989,2027-10-26,Checking,Food,Groceries,Weekly Shop,-77.27,USD,Cleared,Merchant_1,FOOD-01,Living,213206.37
TXN-2990,2027-10-26,Checking,Travel,Uber,Airport Ride,-69.68,USD,Cleared,Merchant_14,BIZ-TRAV,Travel_Q1,213136.69
TXN-2991,2027-10-26,Checking,Dining,Restaurant,Client Lunch,-18.26,USD,Cleared,Merchant_10,BIZ-MEAL,Sales,213118.43
TXN-2992,2027-10-27,Credit,Healthcare,Pharmacy,Medical Supplies,-56.51,USD,Cleared,Merchant_8,MED-01,Wellness,213061.92
TXN-2993,2027-10-27,Checking,Dining,Restaurant,Client Lunch,-129.81,USD,Cleared,Merchant_47,BIZ-MEAL,Sales,212932.11
TXN-2994,2027-10-27,Checking,Business,Software,SaaS Subscription,-65.84,USD,Cleared,Merchant_26,BIZ-EXP,Project_Alpha,212866.27
TXN-2995,2027-10-28,Credit,Business,Software,SaaS Subscription,-19.5,USD,Cleared,Merchant_17,BIZ-EXP,Project_Alpha,212846.77
TXN-2996,2027-10-28,Credit,Healthcare,Pharmacy,Medical Supplies,-64.98,USD,Cleared,Merchant_21,MED-01,Wellness,212781.79
TXN-2997,2027-10-28,Checking,Business,Software,SaaS Subscription,-79.1,USD,Cleared,Merchant_33,BIZ-EXP,Project_Alpha,212702.69
TXN-2998,2027-10-29,Checking,Transport,Fuel,Gas Station,-25.12,USD,Cleared,Merchant_9,TRA-01,Commute,212677.57
TXN-2999,2027-10-29,Checking,Lifestyle,Entertainment,Cinema/Streaming,-142.81,USD,Cleared,Merchant_26,ENT-01,Personal,212534.76
TXN-3000,2027-10-29,Checking,Food,Groceries,Weekly Shop,-45.64,USD,Cleared,Merchant_23,FOOD-01,Living,212489.12
